type,image,method,levels,bytes,bytesU32,c0,c1,c2,c3,levelsUsed,psnr,ssim,msSsim,ssimBlur
ui,dashboard,none,16,10676,8710,3840,3032,3130,674,16,44.475,0.99942,0.99959,0.99958
ui,dashboard,none,12,10472,8502,3759,2998,3028,687,12,42.431,0.99909,0.99947,0.99945
ui,dashboard,none,8,9882,7970,3619,2776,2886,601,8,36.572,0.99542,0.99542,0.99616
ui,dashboard,none,6,9599,7764,3442,2771,2771,615,6,35.979,0.99647,0.99775,0.99778
ui,dashboard,none,4,9429,7328,3532,2694,2575,628,4,30.382,0.98967,0.99027,0.99279
ui,dashboard,none,3,8845,6611,3398,2563,2372,512,3,25.505,0.95411,0.94209,0.95929
ui,dashboard,none,2,5438,5005,2048,1235,1848,307,2,21.313,0.84968,0.81402,0.86194
ui,dashboard,floyd-steinberg,16,12273,11286,4131,3121,3815,1206,16,42.051,0.99508,0.99963,0.99990
ui,dashboard,floyd-steinberg,12,12170,11056,3961,3108,3994,1107,12,38.807,0.99398,0.99928,0.99969
ui,dashboard,floyd-steinberg,8,12094,10808,3941,3063,3798,1292,8,34.786,0.98304,0.99868,0.99968
ui,dashboard,floyd-steinberg,6,10768,9445,3832,2893,3287,756,6,33.610,0.98668,0.99756,0.99911
ui,dashboard,floyd-steinberg,4,11478,9653,3737,2851,3505,1385,4,28.219,0.96775,0.99658,0.99797
ui,dashboard,floyd-steinberg,3,10112,9223,3168,2405,3268,1271,3,23.652,0.93315,0.98873,0.99599
ui,dashboard,floyd-steinberg,2,9633,8695,3081,2299,3108,1145,2,18.346,0.86934,0.96831,0.98588
ui,dashboard,atkinson,16,11161,9799,3865,3090,3475,731,16,43.060,0.99669,0.99963,0.99987
ui,dashboard,atkinson,12,10926,9092,3864,3002,3328,732,12,41.046,0.99619,0.99946,0.99960
ui,dashboard,atkinson,8,10957,9391,3872,3004,3251,830,8,35.207,0.98357,0.99782,0.99923
ui,dashboard,atkinson,6,10200,8887,3638,2843,3083,636,6,35.552,0.99443,0.99813,0.99842
ui,dashboard,atkinson,4,10327,8184,3654,2774,3078,821,4,28.791,0.97005,0.99598,0.99680
ui,dashboard,atkinson,3,9024,8055,3193,2364,2704,763,3,24.159,0.93817,0.98130,0.99069
ui,dashboard,atkinson,2,7844,6683,2798,2100,2375,571,2,19.298,0.87164,0.92922,0.96198
ui,dashboard,bayer2,16,11034,9306,3987,3093,3239,715,16,41.637,0.99592,0.99957,0.99988
ui,dashboard,bayer2,12,10891,9042,3909,3064,3175,743,12,37.497,0.99364,0.99877,0.99954
ui,dashboard,bayer2,8,10482,8768,3862,2847,3079,694,8,34.193,0.98237,0.99807,0.99938
ui,dashboard,bayer2,6,10339,8425,3820,2916,2931,672,6,33.130,0.99023,0.99742,0.99895
ui,dashboard,bayer2,4,9847,7891,3681,2820,2751,595,4,27.857,0.96502,0.99614,0.99747
ui,dashboard,bayer2,3,9471,7467,3602,2675,2656,538,3,23.417,0.92937,0.98025,0.99000
ui,dashboard,bayer2,2,7661,6219,2741,2023,2380,517,2,17.958,0.85096,0.93593,0.96601
ui,dashboard,bayer4,16,11149,9465,4039,3095,3263,752,16,41.273,0.99465,0.99949,0.99984
ui,dashboard,bayer4,12,10990,9332,3981,3068,3195,746,12,38.125,0.99431,0.99927,0.99972
ui,dashboard,bayer4,8,10795,9078,3944,3069,3087,695,8,34.113,0.98213,0.99854,0.99951
ui,dashboard,bayer4,6,10481,8611,3895,2946,2972,668,6,32.733,0.98540,0.99715,0.99870
ui,dashboard,bayer4,4,10114,8239,3725,2924,2814,651,4,27.069,0.95944,0.99394,0.99607
ui,dashboard,bayer4,3,9804,7723,3636,2789,2780,599,3,23.306,0.92949,0.98080,0.99008
ui,dashboard,bayer4,2,8538,6951,3146,2450,2448,494,2,17.791,0.85539,0.96350,0.97223
ui,dashboard,bayer8,16,11205,9504,4042,3108,3307,748,16,41.358,0.99479,0.99950,0.99981
ui,dashboard,bayer8,12,11073,9430,3998,3089,3223,763,12,37.855,0.99227,0.99902,0.99950
ui,dashboard,bayer8,8,10825,9122,3960,3062,3088,715,8,34.119,0.98218,0.99839,0.99933
ui,dashboard,bayer8,6,10595,8875,3902,2983,3013,697,6,32.641,0.98341,0.99709,0.99842
ui,dashboard,bayer8,4,10169,8302,3732,2907,2849,681,4,27.103,0.95954,0.99379,0.99569
ui,dashboard,bayer8,3,9817,7907,3626,2788,2804,599,3,23.187,0.92681,0.98373,0.99097
ui,dashboard,bayer8,2,8556,6945,3151,2418,2457,530,2,17.768,0.85421,0.95821,0.96951
ui,dashboard,blue-noise,16,12612,11868,4204,3112,4006,1290,16,41.330,0.99477,0.99954,0.99981
ui,dashboard,blue-noise,12,12249,11301,4087,3115,3841,1206,12,37.990,0.99250,0.99909,0.99950
ui,dashboard,blue-noise,8,12082,11510,4014,2999,3748,1321,8,34.076,0.98206,0.99798,0.99911
ui,dashboard,blue-noise,6,11512,10666,3890,2947,3639,1036,6,32.585,0.98293,0.99739,0.99842
ui,dashboard,blue-noise,4,11475,10104,3824,2847,3501,1303,4,27.411,0.96229,0.99452,0.99579
ui,dashboard,blue-noise,3,10865,10168,3555,2739,3297,1274,3,23.139,0.92516,0.98129,0.98934
ui,dashboard,blue-noise,2,9563,8748,3060,2274,3026,1203,2,17.764,0.85340,0.94952,0.96804
ui,notifications,none,16,8032,8087,3650,572,3520,290,16,39.611,0.99765,0.99794,0.99797
ui,notifications,none,12,7891,7941,3583,551,3477,280,12,38.312,0.99591,0.99687,0.99664
ui,notifications,none,8,7501,7517,3412,552,3259,278,8,33.511,0.99201,0.99269,0.99310
ui,notifications,none,6,7200,7072,3244,526,3162,268,6,35.233,0.99390,0.99587,0.99551
ui,notifications,none,4,6597,6309,3035,385,2943,234,4,23.490,0.91993,0.91973,0.92545
ui,notifications,none,3,6380,5840,2860,447,2836,237,3,21.832,0.81674,0.86068,0.83006
ui,notifications,none,2,5593,4947,2586,190,2725,92,2,19.015,0.77890,0.83699,0.80427
ui,notifications,floyd-steinberg,16,14460,13879,7058,2961,4059,382,16,37.027,0.94215,0.99551,0.99942
ui,notifications,floyd-steinberg,12,13346,12858,6826,2179,4007,334,12,33.137,0.91360,0.99052,0.99857
ui,notifications,floyd-steinberg,8,14019,13347,6861,3005,3855,298,8,30.691,0.90166,0.98935,0.99800
ui,notifications,floyd-steinberg,6,12634,12110,6254,2390,3668,322,6,30.211,0.89645,0.98331,0.99370
ui,notifications,floyd-steinberg,4,12054,11620,5676,2670,3425,283,4,22.703,0.84427,0.97885,0.99122
ui,notifications,floyd-steinberg,3,11457,10690,5753,1946,3423,335,3,19.181,0.81298,0.95437,0.98221
ui,notifications,floyd-steinberg,2,11717,10301,5959,2360,3161,237,2,14.778,0.75442,0.90155,0.90906
ui,notifications,atkinson,16,10369,10260,5148,1089,3829,303,16,37.417,0.94335,0.99451,0.99891
ui,notifications,atkinson,12,10839,10755,5246,1521,3776,296,12,34.959,0.92885,0.98970,0.99461
ui,notifications,atkinson,8,12267,11876,6120,2222,3637,288,8,31.144,0.90503,0.98709,0.99660
ui,notifications,atkinson,6,7925,7882,3624,550,3476,275,6,34.571,0.99013,0.99613,0.99610
ui,notifications,atkinson,4,11323,10770,5643,2256,3126,298,4,22.838,0.84308,0.96095,0.97983
ui,notifications,atkinson,3,10420,9642,5150,1781,3255,234,3,19.582,0.80715,0.92825,0.92879
ui,notifications,atkinson,2,9061,8097,4460,1313,3055,233,2,16.513,0.77460,0.88397,0.86797
ui,notifications,bayer2,16,8730,8706,4011,661,3751,307,16,37.233,0.94723,0.99728,0.99967
ui,notifications,bayer2,12,8579,8519,3907,688,3679,305,12,32.048,0.90942,0.99398,0.99754
ui,notifications,bayer2,8,8239,8247,3725,664,3559,291,8,30.610,0.90103,0.99320,0.99723
ui,notifications,bayer2,6,7995,7888,3586,629,3487,293,6,33.060,0.98776,0.99614,0.99615
ui,notifications,bayer2,4,7576,7374,3457,616,3227,276,4,22.561,0.84371,0.98963,0.99700
ui,notifications,bayer2,3,7118,6705,3214,540,3100,264,3,19.320,0.81100,0.97109,0.97899
ui,notifications,bayer2,2,6372,5718,2756,461,2913,242,2,13.470,0.72924,0.91440,0.93728
ui,notifications,bayer4,16,8974,8990,4134,755,3787,298,16,36.620,0.94107,0.99560,0.99955
ui,notifications,bayer4,12,8848,8893,4056,738,3741,313,12,32.722,0.91283,0.99082,0.99579
ui,notifications,bayer4,8,8532,8545,3899,708,3628,297,8,30.397,0.89913,0.98993,0.99556
ui,notifications,bayer4,6,8359,8315,3797,715,3551,296,6,29.581,0.89637,0.98378,0.99514
ui,notifications,bayer4,4,7882,7773,3538,659,3375,310,4,22.414,0.84102,0.98972,0.99720
ui,notifications,bayer4,3,7477,7007,3390,589,3241,257,3,18.942,0.80551,0.95742,0.95159
ui,notifications,bayer4,2,6590,6011,2955,521,2859,255,2,14.176,0.73562,0.90820,0.89022
ui,notifications,bayer8,16,9103,9126,4200,783,3821,299,16,36.731,0.94165,0.99558,0.99918
ui,notifications,bayer8,12,8925,9015,4085,764,3762,314,12,32.950,0.91469,0.99023,0.99532
ui,notifications,bayer8,8,8638,8676,3962,719,3656,301,8,30.313,0.89848,0.98920,0.99506
ui,notifications,bayer8,6,8430,8403,3820,727,3585,298,6,29.568,0.89629,0.98377,0.99510
ui,notifications,bayer8,4,8071,7912,3655,701,3426,289,4,22.453,0.84099,0.97781,0.98184
ui,notifications,bayer8,3,7605,7202,3457,662,3223,263,3,18.868,0.80529,0.95420,0.94828
ui,notifications,bayer8,2,6772,6221,3053,570,2886,263,2,14.338,0.73639,0.90747,0.89007
ui,notifications,blue-noise,16,12542,12420,5720,2208,4240,374,16,36.756,0.94204,0.99474,0.99899
ui,notifications,blue-noise,12,12335,12146,5597,2221,4144,373,12,32.794,0.91236,0.98892,0.99620
ui,notifications,blue-noise,8,12310,12266,5684,2198,4067,361,8,30.384,0.90040,0.98741,0.99624
ui,notifications,blue-noise,6,11810,11561,5425,2059,3950,376,6,29.576,0.89221,0.98209,0.99091
ui,notifications,blue-noise,4,11574,11402,5411,2166,3647,350,4,22.470,0.83914,0.96332,0.97877
ui,notifications,blue-noise,3,11021,10496,5032,2093,3561,335,3,18.935,0.80459,0.94101,0.95218
ui,notifications,blue-noise,2,10090,9248,4611,1973,3213,293,2,14.356,0.73829,0.89958,0.89701
ui,settings,none,16,4712,4659,1692,650,1442,928,16,46.208,0.99953,0.99951,0.99959
ui,settings,none,12,4654,4658,1675,645,1412,922,12,40.938,0.99920,0.99892,0.99938
ui,settings,none,8,4448,4431,1637,568,1412,831,8,40.449,0.99872,0.99920,0.99905
ui,settings,none,6,4208,4210,1584,529,1361,734,6,37.360,0.99419,0.99612,0.99486
ui,settings,none,4,4064,3985,1495,530,1321,718,4,30.577,0.99047,0.99110,0.99217
ui,settings,none,3,3751,3662,1416,480,1262,593,3,26.771,0.95557,0.94042,0.95684
ui,settings,none,2,3449,3161,1282,466,1112,589,2,24.151,0.92814,0.90625,0.93247
ui,settings,floyd-steinberg,16,5802,5826,1803,942,1530,1527,16,44.162,0.99398,0.99962,0.99992
ui,settings,floyd-steinberg,12,5900,5858,1832,946,1584,1538,12,38.942,0.99098,0.99939,0.99983
ui,settings,floyd-steinberg,8,5523,5487,1727,870,1509,1417,8,38.024,0.98840,0.99906,0.99975
ui,settings,floyd-steinberg,6,5504,5448,1777,881,1492,1354,6,34.309,0.98383,0.99843,0.99925
ui,settings,floyd-steinberg,4,5412,5349,1690,838,1433,1451,4,28.677,0.97109,0.99688,0.99861
ui,settings,floyd-steinberg,3,5283,5162,1563,852,1385,1483,3,25.043,0.95197,0.99502,0.99733
ui,settings,floyd-steinberg,2,4824,4497,1396,800,1263,1365,2,20.445,0.92311,0.98689,0.98489
ui,settings,atkinson,16,5586,5616,1770,874,1522,1420,16,44.823,0.99462,0.99959,0.99989
ui,settings,atkinson,12,5451,5492,1738,866,1494,1353,12,39.864,0.99281,0.99940,0.99971
ui,settings,atkinson,8,5417,5470,1675,844,1456,1442,8,38.822,0.98937,0.99885,0.99953
ui,settings,atkinson,6,4708,4722,1687,666,1457,898,6,35.690,0.99267,0.99886,0.99894
ui,settings,atkinson,4,5221,5140,1599,897,1425,1300,4,29.369,0.97633,0.99530,0.99669
ui,settings,atkinson,3,5180,5091,1583,875,1334,1388,3,25.502,0.95269,0.99115,0.99419
ui,settings,atkinson,2,4381,4078,1391,671,1232,1087,2,22.107,0.92577,0.96701,0.96601
ui,settings,bayer2,16,5204,5113,1800,773,1517,1114,16,43.721,0.99421,0.99969,0.99994
ui,settings,bayer2,12,5133,5065,1774,762,1506,1091,12,38.362,0.99123,0.99952,0.99988
ui,settings,bayer2,8,4843,4851,1675,694,1441,1033,8,37.450,0.98831,0.99924,0.99975
ui,settings,bayer2,6,4762,4753,1663,661,1440,998,6,34.242,0.99029,0.99878,0.99905
ui,settings,bayer2,4,4465,4462,1536,634,1357,938,4,28.273,0.96949,0.99713,0.99811
ui,settings,bayer2,3,4230,4113,1484,594,1328,824,3,24.445,0.94977,0.99572,0.99789
ui,settings,bayer2,2,3911,3641,1362,568,1187,794,2,19.226,0.91080,0.98343,0.98460
ui,settings,bayer4,16,5286,5245,1809,790,1567,1120,16,43.031,0.99367,0.99965,0.99993
ui,settings,bayer4,12,5202,5167,1801,755,1560,1086,12,38.382,0.99070,0.99941,0.99974
ui,settings,bayer4,8,4891,4911,1712,673,1483,1023,8,37.338,0.98826,0.99903,0.99960
ui,settings,bayer4,6,4863,4841,1680,682,1489,1012,6,33.671,0.98325,0.99831,0.99923
ui,settings,bayer4,4,4598,4568,1610,646,1420,922,4,28.082,0.96746,0.99663,0.99801
ui,settings,bayer4,3,4350,4288,1490,650,1346,864,3,24.662,0.94956,0.99398,0.99669
ui,settings,bayer4,2,3997,3607,1383,592,1222,800,2,19.741,0.91511,0.98432,0.98078
ui,settings,bayer8,16,5296,5275,1816,799,1562,1119,16,43.133,0.99378,0.99964,0.99990
ui,settings,bayer8,12,5166,5145,1805,737,1555,1069,12,38.432,0.99071,0.99938,0.99967
ui,settings,bayer8,8,4950,4970,1733,689,1493,1035,8,37.201,0.98792,0.99900,0.99955
ui,settings,bayer8,6,4983,4948,1701,691,1507,1084,6,33.689,0.98318,0.99827,0.99913
ui,settings,bayer8,4,4666,4633,1611,655,1412,988,4,28.136,0.96755,0.99638,0.99692
ui,settings,bayer8,3,4381,4321,1499,631,1346,905,3,24.643,0.94955,0.99403,0.99581
ui,settings,bayer8,2,4092,3739,1410,598,1224,860,2,19.707,0.91464,0.98333,0.97992
ui,settings,blue-noise,16,6475,6550,1889,1230,1609,1747,16,43.131,0.99377,0.99956,0.99988
ui,settings,blue-noise,12,6454,6462,1900,1170,1641,1743,12,38.387,0.99072,0.99928,0.99971
ui,settings,blue-noise,8,6204,6266,1818,1134,1559,1693,8,36.931,0.98759,0.99885,0.99949
ui,settings,blue-noise,6,6013,6047,1811,1097,1571,1534,6,33.690,0.98324,0.99822,0.99888
ui,settings,blue-noise,4,6176,6261,1801,1167,1540,1668,4,28.284,0.97006,0.99583,0.99723
ui,settings,blue-noise,3,5893,5872,1680,1144,1438,1631,3,24.669,0.94972,0.99234,0.99337
ui,settings,blue-noise,2,5356,4996,1493,1050,1296,1517,2,19.669,0.91589,0.98059,0.98223
ui,music,none,16,10145,9523,4888,1617,2848,792,16,39.906,0.96015,0.98564,0.98108
ui,music,none,12,9256,8690,4401,1582,2495,778,12,35.355,0.95179,0.96940,0.96962
ui,music,none,8,7601,7391,3344,1495,2008,754,8,32.862,0.94710,0.95159,0.96091
ui,music,none,6,7265,7000,3131,1439,1889,806,6,30.339,0.94233,0.93575,0.95344
ui,music,none,4,6084,6001,2567,1349,1320,848,4,26.431,0.93987,0.90655,0.94615
ui,music,none,3,5251,5067,2088,1267,1151,745,3,21.459,0.89122,0.81685,0.89510
ui,music,none,2,3869,3615,1256,1204,637,772,2,15.012,0.76821,0.72624,0.77560
ui,music,floyd-steinberg,16,16631,15630,8341,1708,5353,1229,16,37.572,0.91422,0.99383,0.99866
ui,music,floyd-steinberg,12,16548,15324,8268,1693,5323,1264,12,32.866,0.87030,0.98824,0.99720
ui,music,floyd-steinberg,8,15952,14713,8120,1675,5151,1006,8,30.090,0.83180,0.98145,0.99498
ui,music,floyd-steinberg,6,15986,14400,8023,1635,5062,1266,6,27.651,0.80639,0.97533,0.99278
ui,music,floyd-steinberg,4,15586,14043,7831,1450,4893,1412,4,23.409,0.77827,0.95697,0.98244
ui,music,floyd-steinberg,3,15683,13756,7885,1431,5102,1265,3,18.925,0.74428,0.93464,0.96607
ui,music,floyd-steinberg,2,15572,13534,7989,1331,5097,1155,2,12.595,0.70700,0.89600,0.91126
ui,music,atkinson,16,15442,14770,7919,1690,5019,814,16,38.391,0.92856,0.99204,0.99578
ui,music,atkinson,12,15667,14721,7832,1627,4912,1296,12,33.638,0.89031,0.98444,0.99347
ui,music,atkinson,8,14755,13660,7562,1605,4686,902,8,30.955,0.86088,0.97624,0.99022
ui,music,atkinson,6,14695,13662,7363,1567,4543,1222,6,28.436,0.83880,0.96762,0.98686
ui,music,atkinson,4,13923,12790,7049,1425,4200,1249,4,24.315,0.82092,0.95010,0.97434
ui,music,atkinson,3,14934,13313,7617,1330,4751,1236,3,19.511,0.76842,0.92101,0.94668
ui,music,atkinson,2,15481,13500,7761,1262,5530,928,2,13.088,0.71475,0.86836,0.85846
ui,music,bayer2,16,11877,10994,5631,1688,3445,1113,16,37.386,0.91164,0.99431,0.99893
ui,music,bayer2,12,11363,10485,5397,1624,3117,1225,12,32.738,0.86912,0.99036,0.99664
ui,music,bayer2,8,10680,9645,5038,1619,2999,1024,8,30.002,0.83414,0.98562,0.99227
ui,music,bayer2,6,10154,9430,4539,1560,2911,1144,6,27.572,0.81139,0.98090,0.98669
ui,music,bayer2,4,9142,8525,4251,1459,2312,1120,4,23.343,0.79538,0.96715,0.97133
ui,music,bayer2,3,7698,7105,3207,1395,2018,1078,3,18.850,0.75396,0.94758,0.95967
ui,music,bayer2,2,6063,5796,2588,1315,1167,993,2,12.523,0.70210,0.89700,0.93366
ui,music,bayer4,16,12835,11645,6138,1734,3806,1157,16,36.882,0.90366,0.99313,0.99810
ui,music,bayer4,12,12203,11122,5733,1685,3552,1233,12,32.567,0.86158,0.98795,0.99586
ui,music,bayer4,8,10946,10124,5207,1637,3060,1042,8,29.847,0.82355,0.98174,0.99258
ui,music,bayer4,6,10149,9512,4539,1591,2811,1208,6,27.398,0.79546,0.97532,0.98860
ui,music,bayer4,4,9363,8542,4057,1480,2691,1135,4,23.172,0.76458,0.95759,0.97293
ui,music,bayer4,3,8826,7961,3832,1435,2445,1114,3,18.812,0.73587,0.93969,0.94892
ui,music,bayer4,2,7366,6698,3194,1289,1824,1059,2,12.512,0.69959,0.90897,0.88195
ui,music,bayer8,16,13308,12059,6451,1739,3953,1165,16,36.992,0.90521,0.99299,0.99801
ui,music,bayer8,12,12696,11483,6068,1711,3674,1243,12,32.536,0.86045,0.98730,0.99548
ui,music,bayer8,8,11464,10597,5498,1643,3240,1083,8,29.786,0.82073,0.98071,0.99181
ui,music,bayer8,6,10671,9938,4867,1598,2995,1211,6,27.392,0.79504,0.97443,0.98767
ui,music,bayer8,4,9994,9132,4499,1467,2895,1133,4,23.173,0.76391,0.95674,0.97051
ui,music,bayer8,3,9509,8612,4294,1394,2678,1143,3,18.804,0.73541,0.93758,0.94391
ui,music,bayer8,2,8099,7174,3724,1285,2086,1004,2,12.512,0.69964,0.90294,0.86776
ui,music,blue-noise,16,18945,18648,9549,1768,6160,1468,16,37.023,0.90581,0.99195,0.99778
ui,music,blue-noise,12,18646,17972,9320,1731,6015,1580,12,32.550,0.86123,0.98444,0.99521
ui,music,blue-noise,8,17874,16831,9079,1697,5760,1338,8,29.783,0.82147,0.97640,0.99142
ui,music,blue-noise,6,17751,16640,8908,1680,5603,1560,6,27.388,0.79545,0.96739,0.98689
ui,music,blue-noise,4,16973,15655,8521,1572,5362,1518,4,23.187,0.76530,0.94535,0.96956
ui,music,blue-noise,3,17058,15445,8643,1466,5505,1444,3,18.802,0.73600,0.91987,0.93893
ui,music,blue-noise,2,16665,14545,8512,1336,5496,1321,2,12.523,0.70173,0.87330,0.86205
ui,navigation,none,16,6273,6273,1680,1146,1727,1720,16,50.748,0.99989,0.99995,0.99995
ui,navigation,none,12,6118,6087,1607,1103,1706,1702,12,46.930,0.99975,0.99990,0.99989
ui,navigation,none,8,5802,5783,1484,1083,1648,1587,8,43.808,0.99954,0.99983,0.99982
ui,navigation,none,6,5652,5606,1398,1063,1618,1573,6,40.051,0.99687,0.99798,0.99759
ui,navigation,none,4,5285,5142,1288,955,1621,1421,4,36.803,0.99700,0.99838,0.99837
ui,navigation,none,3,5119,4768,1286,854,1562,1417,3,31.078,0.98379,0.98436,0.98664
ui,navigation,none,2,5140,4787,1313,890,1582,1355,2,25.739,0.95526,0.96320,0.96671
ui,navigation,floyd-steinberg,16,6639,6638,1685,1231,1818,1905,16,49.450,0.99986,0.99997,0.99997
ui,navigation,floyd-steinberg,12,6520,6485,1633,1184,1782,1921,12,45.364,0.99967,0.99994,0.99995
ui,navigation,floyd-steinberg,8,6125,6148,1473,1198,1675,1779,8,42.428,0.99942,0.99990,0.99992
ui,navigation,floyd-steinberg,6,6118,6008,1407,1114,1780,1817,6,38.451,0.99706,0.99944,0.99982
ui,navigation,floyd-steinberg,4,5870,5687,1422,1053,1742,1653,4,35.416,0.99628,0.99875,0.99873
ui,navigation,floyd-steinberg,3,5736,4793,1349,1070,1676,1641,3,30.204,0.98299,0.99864,0.99935
ui,navigation,floyd-steinberg,2,5660,5359,1359,1025,1672,1604,2,24.201,0.95264,0.97713,0.97896
ui,navigation,atkinson,16,6432,6421,1669,1209,1779,1775,16,50.355,0.99988,0.99996,0.99996
ui,navigation,atkinson,12,6293,6243,1585,1097,1786,1825,12,46.547,0.99974,0.99993,0.99994
ui,navigation,atkinson,8,6008,5987,1454,1180,1691,1683,8,43.451,0.99952,0.99989,0.99988
ui,navigation,atkinson,6,5813,5714,1382,1007,1743,1681,6,39.680,0.99682,0.99811,0.99771
ui,navigation,atkinson,4,5647,5386,1397,1025,1670,1555,4,36.480,0.99694,0.99872,0.99867
ui,navigation,atkinson,3,5577,5342,1259,1019,1675,1624,3,30.637,0.98485,0.99540,0.99723
ui,navigation,atkinson,2,5483,5181,1387,994,1667,1435,2,25.309,0.95369,0.96753,0.96967
ui,navigation,bayer2,16,6501,6496,1665,1196,1812,1828,16,47.794,0.99981,0.99995,0.99995
ui,navigation,bayer2,12,6262,6258,1615,1114,1755,1778,12,43.995,0.99956,0.99990,0.99991
ui,navigation,bayer2,8,6055,5982,1537,1093,1719,1706,8,41.032,0.99916,0.99983,0.99985
ui,navigation,bayer2,6,5816,5727,1414,1005,1738,1659,6,37.072,0.99635,0.99946,0.99953
ui,navigation,bayer2,4,5660,5479,1414,1018,1653,1575,4,33.703,0.99518,0.99833,0.99837
ui,navigation,bayer2,3,5457,5252,1313,946,1660,1538,3,29.072,0.98046,0.99788,0.99857
ui,navigation,bayer2,2,5361,4926,1353,1014,1564,1430,2,22.560,0.94871,0.98322,0.98518
ui,navigation,bayer4,16,6710,6707,1681,1252,1855,1922,16,46.719,0.99962,0.99991,0.99994
ui,navigation,bayer4,12,6460,6449,1633,1152,1805,1870,12,43.479,0.99936,0.99987,0.99989
ui,navigation,bayer4,8,6183,6164,1513,1150,1752,1768,8,40.748,0.99912,0.99982,0.99984
ui,navigation,bayer4,6,6006,5913,1429,1042,1793,1742,6,36.969,0.99631,0.99945,0.99955
ui,navigation,bayer4,4,5815,5708,1460,1041,1684,1630,4,33.607,0.99498,0.99831,0.99836
ui,navigation,bayer4,3,5536,5392,1338,956,1655,1587,3,29.145,0.98047,0.99790,0.99854
ui,navigation,bayer4,2,5437,5222,1284,1024,1637,1492,2,22.490,0.94819,0.98327,0.98530
ui,navigation,bayer8,16,6742,6752,1682,1264,1872,1924,16,46.832,0.99962,0.99991,0.99994
ui,navigation,bayer8,12,6493,6499,1619,1163,1819,1892,12,43.436,0.99936,0.99986,0.99989
ui,navigation,bayer8,8,6218,6182,1518,1145,1765,1790,8,40.636,0.99910,0.99981,0.99983
ui,navigation,bayer8,6,6066,5917,1435,1087,1802,1742,6,36.916,0.99631,0.99945,0.99955
ui,navigation,bayer8,4,5798,5656,1441,1028,1696,1633,4,33.589,0.99496,0.99829,0.99834
ui,navigation,bayer8,3,5640,5427,1362,989,1715,1574,3,29.102,0.98039,0.99788,0.99853
ui,navigation,bayer8,2,5457,5185,1275,1047,1652,1483,2,22.474,0.94822,0.98344,0.98537
ui,navigation,blue-noise,16,6845,6832,1686,1248,1868,2043,16,47.249,0.99971,0.99993,0.99994
ui,navigation,blue-noise,12,6666,6684,1607,1172,1890,1997,12,43.592,0.99944,0.99988,0.99990
ui,navigation,blue-noise,8,6428,6366,1530,1191,1768,1939,8,40.455,0.99885,0.99972,0.99977
ui,navigation,blue-noise,6,6372,6217,1489,1127,1824,1932,6,36.965,0.99633,0.99891,0.99923
ui,navigation,blue-noise,4,6004,5870,1341,1091,1767,1805,4,33.218,0.99287,0.99822,0.99856
ui,navigation,blue-noise,3,5867,5682,1341,1045,1765,1716,3,28.923,0.97847,0.99331,0.99433
ui,navigation,blue-noise,2,5663,5420,1305,1046,1693,1619,2,22.809,0.94907,0.98038,0.98605
chart,line-two-series,none,16,6669,6679,1755,997,2070,1847,16,47.752,0.99869,0.99924,0.99897
chart,line-two-series,none,12,6527,6554,1730,985,2014,1798,12,45.008,0.99843,0.99915,0.99887
chart,line-two-series,none,8,6176,6147,1636,909,1904,1727,8,40.577,0.99382,0.99683,0.99529
chart,line-two-series,none,6,5937,5861,1604,820,1861,1652,6,39.734,0.99722,0.99866,0.99832
chart,line-two-series,none,4,5458,5367,1472,750,1721,1515,4,32.275,0.96873,0.97537,0.97324
chart,line-two-series,none,3,5117,4985,1392,640,1612,1473,3,30.797,0.91652,0.94561,0.92677
chart,line-two-series,none,2,4365,4215,1137,530,1392,1306,2,24.593,0.88191,0.92289,0.90182
chart,line-two-series,floyd-steinberg,16,7073,7059,1911,1038,2204,1920,16,45.890,0.99837,0.99971,0.99989
chart,line-two-series,floyd-steinberg,12,6861,6849,1845,987,2103,1926,12,42.391,0.99631,0.99894,0.99888
chart,line-two-series,floyd-steinberg,8,6667,6614,1872,938,2046,1811,8,38.793,0.99326,0.99860,0.99905
chart,line-two-series,floyd-steinberg,6,6230,6154,1717,809,1954,1750,6,37.907,0.99590,0.99858,0.99843
chart,line-two-series,floyd-steinberg,4,5920,5849,1618,791,1892,1619,4,31.289,0.96494,0.99688,0.99875
chart,line-two-series,floyd-steinberg,3,5625,5458,1552,718,1761,1594,3,28.808,0.94407,0.98613,0.99436
chart,line-two-series,floyd-steinberg,2,5059,4914,1433,634,1512,1480,2,22.735,0.88126,0.94260,0.93516
chart,line-two-series,atkinson,16,6746,6749,1793,1014,2076,1863,16,47.502,0.99869,0.99927,0.99900
chart,line-two-series,atkinson,12,6610,6619,1789,983,2038,1800,12,44.758,0.99841,0.99920,0.99894
chart,line-two-series,atkinson,8,6308,6265,1737,903,1900,1768,8,40.348,0.99381,0.99695,0.99548
chart,line-two-series,atkinson,6,6021,5965,1675,820,1860,1666,6,39.454,0.99717,0.99877,0.99849
chart,line-two-series,atkinson,4,5681,5598,1527,774,1818,1562,4,31.911,0.96953,0.99132,0.99440
chart,line-two-series,atkinson,3,5184,5074,1410,658,1633,1483,3,30.610,0.91678,0.94712,0.92826
chart,line-two-series,atkinson,2,4946,4698,1423,542,1604,1377,2,24.164,0.88488,0.93720,0.92136
chart,line-two-series,bayer2,16,6806,6802,1869,997,2096,1844,16,44.708,0.99812,0.99946,0.99931
chart,line-two-series,bayer2,12,6610,6612,1805,969,2042,1794,12,40.633,0.99317,0.99815,0.99744
chart,line-two-series,bayer2,8,6385,6364,1756,913,1965,1751,8,37.767,0.99207,0.99773,0.99696
chart,line-two-series,bayer2,6,6147,6113,1717,845,1920,1665,6,36.996,0.99562,0.99840,0.99819
chart,line-two-series,bayer2,4,5786,5668,1617,778,1817,1574,4,30.448,0.96202,0.99607,0.99742
chart,line-two-series,bayer2,3,5355,5230,1470,699,1694,1492,3,27.916,0.92494,0.96751,0.95743
chart,line-two-series,bayer2,2,4735,4512,1243,647,1440,1405,2,21.298,0.86693,0.93231,0.93073
chart,line-two-series,bayer4,16,6850,6850,1882,1002,2115,1851,16,44.162,0.99802,0.99967,0.99973
chart,line-two-series,bayer4,12,6717,6747,1854,981,2079,1803,12,40.228,0.99430,0.99851,0.99815
chart,line-two-series,bayer4,8,6432,6377,1782,892,1999,1759,8,37.590,0.99202,0.99806,0.99773
chart,line-two-series,bayer4,6,6180,6162,1735,861,1924,1660,6,35.959,0.99023,0.99738,0.99765
chart,line-two-series,bayer4,4,5788,5710,1619,785,1802,1582,4,30.286,0.96156,0.99646,0.99812
chart,line-two-series,bayer4,3,5459,5360,1509,765,1708,1477,3,27.250,0.92782,0.97483,0.97012
chart,line-two-series,bayer4,2,4696,4473,1229,651,1409,1407,2,21.471,0.87056,0.93893,0.93554
chart,line-two-series,bayer8,16,6838,6840,1880,995,2112,1851,16,44.276,0.99806,0.99961,0.99961
chart,line-two-series,bayer8,12,6713,6735,1855,982,2078,1798,12,40.201,0.99429,0.99849,0.99814
chart,line-two-series,bayer8,8,6450,6410,1789,898,2002,1761,8,37.549,0.99198,0.99804,0.99772
chart,line-two-series,bayer8,6,6181,6163,1728,866,1927,1660,6,35.966,0.99024,0.99735,0.99761
chart,line-two-series,bayer8,4,5808,5726,1618,793,1813,1584,4,30.298,0.96233,0.99522,0.99688
chart,line-two-series,bayer8,3,5461,5355,1497,744,1709,1511,3,27.423,0.92901,0.97534,0.97062
chart,line-two-series,bayer8,2,4781,4514,1262,666,1443,1410,2,21.455,0.86972,0.93960,0.93669
chart,line-two-series,blue-noise,16,7254,7205,1979,1055,2248,1972,16,44.577,0.99804,0.99948,0.99952
chart,line-two-series,blue-noise,12,7017,6960,1901,1055,2154,1907,12,40.604,0.99527,0.99879,0.99901
chart,line-two-series,blue-noise,8,6853,6856,1905,967,2124,1857,8,37.434,0.99218,0.99784,0.99821
chart,line-two-series,blue-noise,6,6555,6514,1824,908,2065,1758,6,36.081,0.99153,0.99767,0.99788
chart,line-two-series,blue-noise,4,6297,6233,1786,839,2003,1669,4,30.349,0.95974,0.98751,0.98882
chart,line-two-series,blue-noise,3,5751,5602,1577,766,1806,1602,3,27.307,0.93373,0.97639,0.97955
chart,line-two-series,blue-noise,2,5290,5125,1468,697,1634,1491,2,21.503,0.87297,0.94164,0.94742
chart,area-gradient,none,16,6108,6087,1033,114,2251,2710,16,41.252,0.96890,0.98727,0.97698
chart,area-gradient,none,12,5987,5984,1025,114,2211,2637,12,37.344,0.96498,0.97999,0.97201
chart,area-gradient,none,8,5595,5515,1008,114,2170,2303,8,34.882,0.93210,0.97069,0.93859
chart,area-gradient,none,6,5320,5282,977,114,1959,2270,6,31.911,0.91033,0.96358,0.91475
chart,area-gradient,none,4,4720,4681,931,114,1719,1956,4,26.834,0.84390,0.92517,0.84987
chart,area-gradient,none,3,4273,4180,841,92,1593,1747,3,25.015,0.77302,0.88596,0.78253
chart,area-gradient,none,2,3681,3555,737,92,1336,1516,2,22.679,0.74925,0.86200,0.76317
chart,area-gradient,floyd-steinberg,16,11915,11409,1210,112,4539,6054,16,38.591,0.94054,0.99546,0.99918
chart,area-gradient,floyd-steinberg,12,11867,11207,1143,116,4523,6085,12,34.464,0.91372,0.99083,0.99743
chart,area-gradient,floyd-steinberg,8,11541,10754,1182,117,4339,5903,8,32.313,0.88991,0.98799,0.99708
chart,area-gradient,floyd-steinberg,6,11354,10593,1108,114,4394,5738,6,29.134,0.86891,0.98032,0.99332
chart,area-gradient,floyd-steinberg,4,11472,10595,1022,114,4391,5945,4,24.336,0.82386,0.96632,0.98551
chart,area-gradient,floyd-steinberg,3,11151,10172,992,122,4204,5833,3,21.213,0.79592,0.94077,0.96019
chart,area-gradient,floyd-steinberg,2,9659,8727,922,102,3449,5186,2,17.383,0.74451,0.88063,0.85855
chart,area-gradient,atkinson,16,9263,9126,1048,114,3758,4343,16,39.596,0.94939,0.99348,0.99652
chart,area-gradient,atkinson,12,8848,8655,1054,114,3494,4186,12,35.571,0.93023,0.98855,0.99497
chart,area-gradient,atkinson,8,9596,9183,1053,114,3713,4716,8,33.240,0.89992,0.98303,0.98517
chart,area-gradient,atkinson,6,10362,9748,1018,114,4170,5060,6,30.086,0.88333,0.97715,0.97740
chart,area-gradient,atkinson,4,10321,9614,988,116,3779,5438,4,25.128,0.83015,0.95880,0.94798
chart,area-gradient,atkinson,3,8467,7894,880,92,3026,4469,3,22.866,0.77482,0.90612,0.84898
chart,area-gradient,atkinson,2,6018,5545,1117,92,1844,2965,2,20.677,0.75030,0.88872,0.79732
chart,area-gradient,bayer2,16,6341,6354,1112,114,2331,2784,16,38.621,0.94297,0.99594,0.99824
chart,area-gradient,bayer2,12,6257,6242,1094,114,2297,2752,12,34.341,0.91606,0.99238,0.99482
chart,area-gradient,bayer2,8,6019,6001,1093,114,2208,2604,8,32.157,0.89070,0.98978,0.99110
chart,area-gradient,bayer2,6,5769,5707,1072,114,2109,2474,6,29.182,0.87691,0.98530,0.98462
chart,area-gradient,bayer2,4,5345,5205,1039,114,1990,2202,4,24.161,0.82309,0.97236,0.96877
chart,area-gradient,bayer2,3,4752,4672,949,103,1736,1964,3,21.349,0.78620,0.93957,0.90496
chart,area-gradient,bayer2,2,4110,3822,827,103,1447,1733,2,17.341,0.73561,0.89192,0.83531
chart,area-gradient,bayer4,16,6443,6423,1142,115,2341,2845,16,37.991,0.93409,0.99513,0.99881
chart,area-gradient,bayer4,12,6407,6325,1153,115,2343,2796,12,34.066,0.90770,0.99067,0.99637
chart,area-gradient,bayer4,8,6139,6076,1103,115,2264,2657,8,31.934,0.88559,0.98842,0.99541
chart,area-gradient,bayer4,6,5883,5808,1091,115,2170,2507,6,28.832,0.86437,0.98029,0.98937
chart,area-gradient,bayer4,4,5542,5446,1054,114,2013,2361,4,24.024,0.81923,0.96955,0.98182
chart,area-gradient,bayer4,3,4957,4937,966,114,1780,2097,3,20.876,0.78971,0.94733,0.94794
chart,area-gradient,bayer4,2,4222,3967,788,103,1511,1820,2,16.839,0.73891,0.89264,0.86908
chart,area-gradient,bayer8,16,6497,6456,1144,117,2360,2876,16,38.127,0.93527,0.99485,0.99847
chart,area-gradient,bayer8,12,6438,6426,1157,115,2357,2809,12,34.017,0.90696,0.99012,0.99559
chart,area-gradient,bayer8,8,6159,6160,1103,115,2265,2676,8,31.899,0.88354,0.98760,0.99448
chart,area-gradient,bayer8,6,5906,5832,1086,115,2183,2522,6,28.813,0.86438,0.98064,0.98979
chart,area-gradient,bayer8,4,5612,5497,1038,117,2053,2404,4,24.110,0.82193,0.96897,0.97917
chart,area-gradient,bayer8,3,5046,4993,978,114,1824,2130,3,20.939,0.78887,0.94563,0.94390
chart,area-gradient,bayer8,2,4312,4141,802,103,1535,1872,2,16.785,0.73294,0.88566,0.85911
chart,area-gradient,blue-noise,16,10108,9900,1270,180,3856,4802,16,38.184,0.93589,0.99395,0.99833
chart,area-gradient,blue-noise,12,9879,9621,1217,170,3799,4693,12,34.133,0.90957,0.98868,0.99649
chart,area-gradient,blue-noise,8,9620,9378,1227,165,3698,4530,8,31.901,0.88514,0.98341,0.99440
chart,area-gradient,blue-noise,6,9284,8973,1200,164,3562,4358,6,28.805,0.86499,0.97597,0.99016
chart,area-gradient,blue-noise,4,9401,8874,1201,170,3577,4453,4,24.069,0.81844,0.95080,0.96946
chart,area-gradient,blue-noise,3,8719,8321,1040,160,3206,4313,3,20.951,0.79044,0.92826,0.93916
chart,area-gradient,blue-noise,2,7843,7333,1037,157,2821,3828,2,16.939,0.73810,0.88265,0.86761
chart,bars,none,16,3488,3479,1520,831,507,630,16,42.141,0.99886,0.99934,0.99906
chart,bars,none,12,3391,3405,1461,805,504,621,12,41.435,0.99867,0.99928,0.99898
chart,bars,none,8,3345,3320,1406,820,486,633,8,32.352,0.99388,0.99603,0.99504
chart,bars,none,6,3212,3178,1347,763,467,635,6,32.314,0.99673,0.99722,0.99738
chart,bars,none,4,3101,3123,1287,734,450,630,4,24.965,0.96968,0.97639,0.97282
chart,bars,none,3,2879,2798,1211,661,426,581,3,30.915,0.93216,0.96591,0.94202
chart,bars,none,2,3148,2328,1698,680,333,437,2,13.694,0.85712,0.87197,0.87427
chart,bars,floyd-steinberg,16,15876,14131,2776,1251,6077,5772,16,37.579,0.92212,0.99487,0.99956
chart,bars,floyd-steinberg,12,14154,12979,2554,1189,5314,5097,12,33.996,0.88600,0.98528,0.99608
chart,bars,floyd-steinberg,8,14686,13243,2465,1177,5511,5533,8,27.976,0.83968,0.98588,0.99723
chart,bars,floyd-steinberg,6,14538,13233,2510,1076,5489,5463,6,27.884,0.84118,0.98542,0.99694
chart,bars,floyd-steinberg,4,15679,13965,2519,1175,6185,5800,4,22.546,0.79607,0.96222,0.98817
chart,bars,floyd-steinberg,3,11879,10729,2025,899,4435,4520,3,26.058,0.81744,0.95462,0.95069
chart,bars,floyd-steinberg,2,15348,13455,2272,1056,5676,6344,2,12.752,0.70102,0.89920,0.89304
chart,bars,atkinson,16,14334,12783,2459,1113,5502,5260,16,38.602,0.93226,0.99421,0.99896
chart,bars,atkinson,12,3904,3858,1571,831,591,911,12,40.934,0.99844,0.99929,0.99905
chart,bars,atkinson,8,15322,13648,2458,1130,5844,5890,8,28.896,0.84595,0.97510,0.99080
chart,bars,atkinson,6,15147,13426,2414,1166,5807,5760,6,28.865,0.84856,0.97613,0.99291
chart,bars,atkinson,4,11751,10604,2076,1042,4204,4429,4,22.719,0.80039,0.95305,0.98600
chart,bars,atkinson,3,5339,4587,1504,713,1537,1585,3,30.462,0.93178,0.96648,0.94422
chart,bars,atkinson,2,16036,14031,2219,1165,5966,6686,2,12.882,0.70322,0.88734,0.85464
chart,bars,bayer2,16,3889,3876,1644,901,594,750,16,37.236,0.92015,0.99602,0.99948
chart,bars,bayer2,12,3712,3684,1526,890,546,750,12,39.519,0.99448,0.99861,0.99785
chart,bars,bayer2,8,3709,3702,1557,865,581,706,8,27.952,0.83898,0.99107,0.99754
chart,bars,bayer2,6,3670,3658,1508,854,580,728,6,27.879,0.84193,0.99166,0.99859
chart,bars,bayer2,4,3563,3540,1442,798,573,750,4,22.993,0.79772,0.98810,0.99731
chart,bars,bayer2,3,3405,3254,1342,839,501,723,3,28.406,0.93857,0.97927,0.96601
chart,bars,bayer2,2,3266,2999,1167,900,499,700,2,12.545,0.68732,0.94511,0.94149
chart,bars,bayer4,16,3995,3996,1686,924,604,781,16,37.172,0.92009,0.99613,0.99978
chart,bars,bayer4,12,4235,4184,1715,944,673,903,12,33.444,0.88279,0.98555,0.99758
chart,bars,bayer4,8,3775,3768,1595,861,605,714,8,27.935,0.83900,0.99143,0.99855
chart,bars,bayer4,6,3776,3762,1518,883,579,796,6,27.773,0.83763,0.99085,0.99814
chart,bars,bayer4,4,3742,3663,1516,824,609,793,4,22.338,0.79342,0.96357,0.99031
chart,bars,bayer4,3,3863,3596,1546,847,627,843,3,23.826,0.78152,0.95068,0.94351
chart,bars,bayer4,2,3651,3301,1440,895,524,792,2,12.657,0.69300,0.90371,0.84711
chart,bars,bayer8,16,4289,4192,1763,946,672,908,16,37.350,0.92212,0.99552,0.99901
chart,bars,bayer8,12,4248,4202,1711,953,673,911,12,33.441,0.88279,0.98555,0.99757
chart,bars,bayer8,8,3864,3854,1643,877,629,715,8,27.930,0.83899,0.99142,0.99854
chart,bars,bayer8,6,3769,3761,1522,880,579,788,6,27.774,0.83763,0.99085,0.99813
chart,bars,bayer8,4,3966,3828,1593,826,658,889,4,22.416,0.79468,0.96145,0.97743
chart,bars,bayer8,3,4046,3942,1608,883,720,835,3,25.445,0.80000,0.95488,0.94401
chart,bars,bayer8,2,3951,3813,1436,899,629,987,2,12.630,0.69156,0.89866,0.84444
chart,bars,blue-noise,16,11917,11256,2790,1373,3667,4087,16,37.392,0.92197,0.99303,0.99871
chart,bars,blue-noise,12,11301,10448,2612,1301,3568,3820,12,33.663,0.88526,0.98525,0.99539
chart,bars,blue-noise,8,12199,11260,2712,1329,3786,4372,8,27.872,0.83884,0.97297,0.98998
chart,bars,blue-noise,6,12062,11167,2740,1332,3637,4353,6,27.739,0.83845,0.97296,0.98985
chart,bars,blue-noise,4,12304,11188,2746,1283,4078,4197,4,22.450,0.79260,0.94997,0.96858
chart,bars,blue-noise,3,10201,9324,2286,1039,3447,3429,3,25.224,0.80240,0.94917,0.94436
chart,bars,blue-noise,2,13162,11112,2492,1239,4438,4993,2,12.637,0.69460,0.88963,0.86693
chart,sparklines,none,16,9820,9578,2478,2129,2533,2680,16,48.427,0.99960,0.99980,0.99974
chart,sparklines,none,12,9348,9682,2397,2083,2502,2366,12,44.930,0.99933,0.99970,0.99965
chart,sparklines,none,8,9295,9400,2398,1973,2442,2482,8,37.540,0.99049,0.99348,0.99100
chart,sparklines,none,6,8583,8896,2177,1903,2354,2149,6,40.276,0.99801,0.99931,0.99923
chart,sparklines,none,4,8781,8937,2245,2175,2285,2076,4,30.552,0.96575,0.97410,0.96806
chart,sparklines,none,3,5198,5105,1280,1202,1392,1324,3,26.509,0.83966,0.86446,0.84251
chart,sparklines,none,2,4399,4149,1127,961,1188,1123,2,23.902,0.82119,0.85262,0.82887
chart,sparklines,floyd-steinberg,16,9978,10124,2534,2401,2608,2435,16,45.706,0.99906,0.99977,0.99982
chart,sparklines,floyd-steinberg,12,9928,9947,2474,2218,2627,2609,12,42.829,0.99866,0.99970,0.99978
chart,sparklines,floyd-steinberg,8,10079,10060,2596,2327,2562,2594,8,36.422,0.98913,0.99885,0.99969
chart,sparklines,floyd-steinberg,6,8926,9119,2262,2021,2437,2206,6,38.794,0.99734,0.99940,0.99951
chart,sparklines,floyd-steinberg,4,9543,9382,2389,2235,2553,2366,4,28.789,0.95067,0.99167,0.99774
chart,sparklines,floyd-steinberg,3,8713,8611,2197,2108,2173,2235,3,24.815,0.90363,0.98205,0.99386
chart,sparklines,floyd-steinberg,2,6681,6395,1650,1511,1846,1674,2,20.266,0.84383,0.95238,0.96824
chart,sparklines,atkinson,16,9860,9650,2491,2131,2546,2692,16,48.072,0.99959,0.99982,0.99976
chart,sparklines,atkinson,12,9698,9476,2412,2093,2535,2658,12,44.631,0.99931,0.99975,0.99971
chart,sparklines,atkinson,8,9603,9655,2391,2310,2465,2437,8,36.784,0.98957,0.99769,0.99929
chart,sparklines,atkinson,6,8793,9228,2262,1977,2343,2211,6,39.931,0.99793,0.99943,0.99946
chart,sparklines,atkinson,4,9106,8906,2374,2003,2457,2272,4,29.165,0.95339,0.98658,0.99433
chart,sparklines,atkinson,3,7459,7330,1897,1777,1942,1843,3,25.172,0.90266,0.97474,0.98811
chart,sparklines,atkinson,2,4480,4309,1138,989,1227,1126,2,23.685,0.82107,0.85587,0.83328
chart,sparklines,bayer2,16,10223,10170,2590,2188,2702,2743,16,46.203,0.99944,0.99979,0.99972
chart,sparklines,bayer2,12,9733,9826,2493,2158,2652,2430,12,42.086,0.99891,0.99968,0.99963
chart,sparklines,bayer2,8,9795,9730,2445,2103,2612,2635,8,35.702,0.98790,0.99903,0.99944
chart,sparklines,bayer2,6,9313,9159,2432,1998,2359,2524,6,37.510,0.99676,0.99920,0.99926
chart,sparklines,bayer2,4,9455,9389,2466,2329,2432,2228,4,27.853,0.93377,0.99169,0.99197
chart,sparklines,bayer2,3,9127,8972,2304,2136,2379,2308,3,24.015,0.90264,0.98723,0.98856
chart,sparklines,bayer2,2,6978,6707,1738,1671,1830,1739,2,19.144,0.82898,0.95076,0.96162
chart,sparklines,bayer4,16,10748,10817,2690,2562,2755,2741,16,43.783,0.99844,0.99969,0.99984
chart,sparklines,bayer4,12,10375,10651,2609,2553,2714,2499,12,41.079,0.99791,0.99956,0.99974
chart,sparklines,bayer4,8,10519,10541,2612,2513,2721,2673,8,35.641,0.98811,0.99874,0.99931
chart,sparklines,bayer4,6,9382,9276,2507,2007,2335,2533,6,36.851,0.99621,0.99910,0.99923
chart,sparklines,bayer4,4,9735,9696,2426,2351,2505,2453,4,28.119,0.94495,0.99165,0.99586
chart,sparklines,bayer4,3,8650,8499,2188,2036,2248,2178,3,24.290,0.89789,0.98207,0.99115
chart,sparklines,bayer4,2,7065,6851,1801,1676,1815,1773,2,19.856,0.82707,0.93842,0.94604
chart,sparklines,bayer8,16,10745,10822,2692,2564,2753,2736,16,43.831,0.99844,0.99968,0.99984
chart,sparklines,bayer8,12,10355,10670,2601,2546,2708,2500,12,41.063,0.99790,0.99956,0.99974
chart,sparklines,bayer8,8,10504,10522,2608,2518,2710,2668,8,35.644,0.98811,0.99874,0.99931
chart,sparklines,bayer8,6,9351,9242,2497,1999,2340,2515,6,36.911,0.99629,0.99914,0.99927
chart,sparklines,bayer8,4,9770,9784,2438,2364,2506,2462,4,28.123,0.94506,0.99163,0.99594
chart,sparklines,bayer8,3,8574,8430,2143,2038,2235,2158,3,24.247,0.89900,0.98253,0.99028
chart,sparklines,bayer8,2,7093,6863,1829,1672,1833,1759,2,19.660,0.82758,0.94187,0.95003
chart,sparklines,blue-noise,16,10677,10674,2705,2472,2842,2658,16,43.832,0.99847,0.99967,0.99981
chart,sparklines,blue-noise,12,10525,10459,2685,2459,2757,2624,12,40.991,0.99790,0.99953,0.99970
chart,sparklines,blue-noise,8,10312,10310,2586,2422,2700,2604,8,35.744,0.98836,0.99788,0.99895
chart,sparklines,blue-noise,6,9342,9525,2305,2256,2447,2334,6,36.105,0.99371,0.99850,0.99879
chart,sparklines,blue-noise,4,9507,9470,2397,2286,2466,2358,4,28.161,0.94485,0.98821,0.99394
chart,sparklines,blue-noise,3,8624,8477,2139,2080,2242,2163,3,24.311,0.89746,0.97400,0.98565
chart,sparklines,blue-noise,2,7195,6916,1830,1700,1888,1777,2,19.472,0.83053,0.94335,0.96236
chart,candles,none,16,4898,4759,1471,1148,1368,911,15,48.046,0.99841,0.99907,0.99867
chart,candles,none,12,4832,4622,1461,1151,1366,854,11,46.058,0.99828,0.99902,0.99860
chart,candles,none,8,4801,4589,1444,1116,1381,860,8,39.298,0.99226,0.99579,0.99374
chart,candles,none,6,4734,4452,1445,1106,1330,853,6,39.027,0.99706,0.99810,0.99781
chart,candles,none,4,4375,4009,1390,997,1243,745,4,32.040,0.96199,0.96929,0.96558
chart,candles,none,3,3856,3624,1251,777,1121,707,3,30.660,0.89445,0.93109,0.90340
chart,candles,none,2,3587,3290,1161,754,1105,567,2,25.197,0.86725,0.90927,0.88047
chart,candles,floyd-steinberg,16,6072,5849,1734,1506,1696,1136,16,45.502,0.99790,0.99963,0.99982
chart,candles,floyd-steinberg,12,5822,5588,1708,1427,1586,1101,12,42.394,0.99517,0.99860,0.99866
chart,candles,floyd-steinberg,8,6446,6111,1831,1614,1806,1195,8,37.641,0.99134,0.99826,0.99881
chart,candles,floyd-steinberg,6,6115,5836,1777,1573,1665,1100,6,35.905,0.99231,0.99794,0.99771
chart,candles,floyd-steinberg,4,5685,5391,1631,1404,1596,1054,4,30.625,0.95630,0.99670,0.99867
chart,candles,floyd-steinberg,3,5703,5253,1628,1454,1570,1051,3,27.884,0.92876,0.98141,0.99057
chart,candles,floyd-steinberg,2,4858,4476,1508,1095,1354,901,2,22.734,0.86398,0.93547,0.92433
chart,candles,atkinson,16,4983,4840,1492,1193,1381,917,15,47.805,0.99841,0.99909,0.99869
chart,candles,atkinson,12,5000,4832,1543,1137,1402,918,12,45.626,0.99827,0.99905,0.99865
chart,candles,atkinson,8,5973,5756,1733,1623,1559,1058,8,38.865,0.99194,0.99617,0.99415
chart,candles,atkinson,6,5589,5362,1625,1452,1513,999,6,37.842,0.99638,0.99848,0.99807
chart,candles,atkinson,4,5100,4799,1474,1296,1404,926,4,31.427,0.96236,0.98894,0.99328
chart,candles,atkinson,3,4336,4008,1398,928,1255,755,3,30.370,0.89449,0.93185,0.90495
chart,candles,atkinson,2,4486,4089,1542,864,1382,698,2,24.630,0.86841,0.92401,0.89894
chart,candles,bayer2,16,5191,5079,1611,1182,1491,907,15,45.214,0.99789,0.99925,0.99904
chart,candles,bayer2,12,4957,4842,1477,1174,1417,889,11,41.360,0.99299,0.99819,0.99709
chart,candles,bayer2,8,5417,5293,1620,1278,1546,973,8,37.021,0.99005,0.99773,0.99669
chart,candles,bayer2,6,5349,5202,1621,1285,1517,926,6,36.283,0.99538,0.99844,0.99801
chart,candles,bayer2,4,5085,4766,1544,1233,1463,845,4,29.893,0.95433,0.99603,0.99770
chart,candles,bayer2,3,4764,4379,1546,1122,1280,816,3,26.897,0.91117,0.96920,0.95358
chart,candles,bayer2,2,3923,3667,1226,931,1112,654,2,21.310,0.85421,0.91778,0.91527
chart,candles,bayer4,16,5730,5529,1724,1418,1567,1021,16,44.155,0.99770,0.99962,0.99970
chart,candles,bayer4,12,5615,5426,1685,1377,1559,994,12,40.760,0.99417,0.99841,0.99788
chart,candles,bayer4,8,5595,5464,1649,1380,1566,1000,8,36.923,0.99011,0.99794,0.99753
chart,candles,bayer4,6,5587,5401,1649,1399,1573,966,6,35.241,0.98983,0.99749,0.99745
chart,candles,bayer4,4,5326,5006,1614,1319,1483,910,4,29.920,0.95417,0.99674,0.99838
chart,candles,bayer4,3,5081,4726,1581,1299,1359,842,3,26.821,0.91605,0.97428,0.96756
chart,candles,bayer4,2,4268,3923,1250,1034,1183,801,2,21.482,0.85776,0.93853,0.93085
chart,candles,bayer8,16,5707,5539,1699,1422,1568,1018,16,44.250,0.99773,0.99956,0.99958
chart,candles,bayer8,12,5627,5434,1699,1386,1551,991,12,40.736,0.99417,0.99841,0.99788
chart,candles,bayer8,8,5613,5489,1658,1387,1574,994,8,36.874,0.99006,0.99793,0.99752
chart,candles,bayer8,6,5666,5500,1653,1434,1594,985,6,35.263,0.98983,0.99748,0.99743
chart,candles,bayer8,4,5385,5018,1627,1362,1483,913,4,29.969,0.95503,0.99547,0.99716
chart,candles,bayer8,3,5154,4738,1590,1312,1390,862,3,27.002,0.91730,0.97483,0.96791
chart,candles,bayer8,2,4197,3877,1222,1019,1167,789,2,21.451,0.85677,0.94008,0.93250
chart,candles,blue-noise,16,6304,6146,1843,1612,1700,1149,16,44.505,0.99762,0.99940,0.99948
chart,candles,blue-noise,12,6188,5948,1788,1623,1658,1119,12,40.779,0.99398,0.99852,0.99875
chart,candles,blue-noise,8,6716,6519,1984,1772,1769,1191,8,36.790,0.99036,0.99729,0.99773
chart,candles,blue-noise,6,6588,6313,1947,1704,1780,1157,6,35.181,0.98935,0.99732,0.99754
chart,candles,blue-noise,4,6247,5956,1826,1555,1768,1098,4,30.016,0.94961,0.98324,0.98410
chart,candles,blue-noise,3,5960,5573,1725,1589,1618,1028,3,26.918,0.92101,0.97040,0.97425
chart,candles,blue-noise,2,5235,4849,1583,1308,1425,919,2,21.494,0.85748,0.92862,0.93472
text,reader-sans-18,none,16,19058,19261,5217,5111,4559,4171,15,42.435,0.99965,0.99989,0.99988
text,reader-sans-18,none,12,18705,18969,5121,4990,4475,4119,11,38.026,0.99901,0.99965,0.99959
text,reader-sans-18,none,8,17997,17994,4901,4829,4323,3944,7,35.544,0.99830,0.99942,0.99941
text,reader-sans-18,none,6,17692,17516,4839,4760,4209,3884,6,32.185,0.99648,0.99883,0.99879
text,reader-sans-18,none,4,16553,16030,4503,4406,3947,3697,4,27.934,0.99070,0.99656,0.99624
text,reader-sans-18,none,3,16257,15276,4470,4400,3829,3558,3,25.298,0.98260,0.99394,0.99335
text,reader-sans-18,none,2,15982,13834,4436,4263,3833,3450,2,19.286,0.94174,0.97595,0.97268
text,reader-sans-18,floyd-steinberg,16,21241,21567,6047,5596,5009,4589,15,41.206,0.99955,0.99994,0.99995
text,reader-sans-18,floyd-steinberg,12,20970,21241,5830,5544,5024,4572,11,36.696,0.99872,0.99981,0.99987
text,reader-sans-18,floyd-steinberg,8,20169,20140,5600,5293,4851,4425,8,34.241,0.99783,0.99967,0.99977
text,reader-sans-18,floyd-steinberg,6,20097,19963,5650,5308,4775,4364,6,31.010,0.99554,0.99942,0.99964
text,reader-sans-18,floyd-steinberg,4,19435,19131,5499,5196,4580,4160,4,26.453,0.98742,0.99824,0.99880
text,reader-sans-18,floyd-steinberg,3,18493,17417,5258,4926,4353,3956,3,23.765,0.97646,0.99636,0.99727
text,reader-sans-18,floyd-steinberg,2,17559,15642,5042,4640,4165,3712,2,17.557,0.91747,0.98613,0.98899
text,reader-sans-18,atkinson,16,19929,20254,5500,5353,4740,4336,15,42.053,0.99963,0.99993,0.99993
text,reader-sans-18,atkinson,12,19857,19974,5471,5227,4777,4382,11,37.585,0.99895,0.99979,0.99979
text,reader-sans-18,atkinson,8,18688,18701,5060,5028,4520,4080,8,35.173,0.99821,0.99963,0.99965
text,reader-sans-18,atkinson,6,19250,19061,5286,5100,4617,4247,6,31.650,0.99610,0.99932,0.99946
text,reader-sans-18,atkinson,4,18247,17652,4986,4866,4407,3988,4,27.499,0.98995,0.99785,0.99797
text,reader-sans-18,atkinson,3,17416,16172,4876,4673,4114,3753,3,24.862,0.98126,0.99590,0.99587
text,reader-sans-18,atkinson,2,16797,14677,4741,4489,3986,3581,2,18.772,0.93574,0.98319,0.98192
text,reader-sans-18,bayer2,16,21039,21296,6007,5505,4921,4606,15,39.523,0.99934,0.99987,0.99988
text,reader-sans-18,bayer2,12,20610,20784,5892,5400,4774,4544,11,35.282,0.99820,0.99967,0.99965
text,reader-sans-18,bayer2,8,19934,20086,5707,5188,4678,4361,8,32.686,0.99683,0.99939,0.99937
text,reader-sans-18,bayer2,6,19481,19335,5561,5072,4574,4274,6,29.700,0.99382,0.99900,0.99909
text,reader-sans-18,bayer2,4,18545,17990,5279,4838,4385,4043,4,25.120,0.98206,0.99672,0.99690
text,reader-sans-18,bayer2,3,17754,16621,5062,4639,4268,3785,3,21.962,0.96316,0.99320,0.99306
text,reader-sans-18,bayer2,2,16928,14815,4850,4489,3986,3603,2,16.371,0.88786,0.97771,0.97790
text,reader-sans-18,bayer4,16,21649,21982,6194,5636,5095,4724,15,39.313,0.99930,0.99987,0.99989
text,reader-sans-18,bayer4,12,21404,21662,6137,5551,5043,4673,11,34.958,0.99807,0.99963,0.99964
text,reader-sans-18,bayer4,8,20625,20809,5899,5314,4879,4533,8,32.571,0.99673,0.99936,0.99939
text,reader-sans-18,bayer4,6,20166,20198,5831,5243,4723,4369,6,29.652,0.99370,0.99892,0.99906
text,reader-sans-18,bayer4,4,19119,18626,5417,5028,4531,4143,4,25.030,0.98185,0.99666,0.99703
text,reader-sans-18,bayer4,3,18318,17343,5218,4869,4355,3876,3,22.088,0.96448,0.99320,0.99367
text,reader-sans-18,bayer4,2,17197,15142,4918,4515,4032,3732,2,16.122,0.88173,0.97414,0.97525
text,reader-sans-18,bayer8,16,21827,22088,6268,5666,5142,4751,15,39.436,0.99932,0.99987,0.99988
text,reader-sans-18,bayer8,12,21556,21834,6188,5603,5072,4693,11,34.794,0.99800,0.99961,0.99963
text,reader-sans-18,bayer8,8,20787,20905,5965,5360,4911,4551,8,32.517,0.99669,0.99934,0.99937
text,reader-sans-18,bayer8,6,20250,20270,5843,5255,4741,4411,6,29.669,0.99373,0.99890,0.99904
text,reader-sans-18,bayer8,4,19186,18682,5409,5063,4547,4167,4,25.045,0.98189,0.99665,0.99698
text,reader-sans-18,bayer8,3,18430,17403,5275,4868,4394,3893,3,22.104,0.96468,0.99320,0.99364
text,reader-sans-18,bayer8,2,17213,15114,4882,4597,4032,3702,2,16.102,0.88113,0.97382,0.97487
text,reader-sans-18,blue-noise,16,22653,23093,6496,5939,5326,4892,15,39.498,0.99933,0.99987,0.99988
text,reader-sans-18,blue-noise,12,22301,22565,6418,5904,5215,4764,11,34.972,0.99809,0.99962,0.99963
text,reader-sans-18,blue-noise,8,21975,22240,6288,5749,5175,4763,8,32.434,0.99661,0.99934,0.99938
text,reader-sans-18,blue-noise,6,21514,21735,6166,5651,5071,4626,6,29.690,0.99374,0.99883,0.99892
text,reader-sans-18,blue-noise,4,20440,20482,5819,5419,4797,4405,4,25.073,0.98199,0.99658,0.99687
text,reader-sans-18,blue-noise,3,19330,18835,5566,5093,4520,4151,3,22.135,0.96489,0.99313,0.99345
text,reader-sans-18,blue-noise,2,17908,16064,5143,4721,4223,3821,2,16.105,0.88150,0.97317,0.97319
text,reader-serif-22,none,16,14983,15062,5485,4712,2888,1898,16,45.287,0.99985,0.99996,0.99995
text,reader-serif-22,none,12,14825,14812,5420,4708,2847,1850,12,41.194,0.99962,0.99990,0.99989
text,reader-serif-22,none,8,14104,14008,5124,4556,2672,1752,8,38.125,0.99923,0.99977,0.99977
text,reader-serif-22,none,6,13730,13510,4994,4404,2648,1684,6,35.718,0.99866,0.99959,0.99960
text,reader-serif-22,none,4,13066,12394,4775,4182,2495,1614,4,31.604,0.99656,0.99896,0.99892
text,reader-serif-22,none,3,12573,11573,4680,3946,2441,1506,3,28.184,0.99255,0.99768,0.99753
text,reader-serif-22,none,2,11912,10305,4458,3818,2222,1414,2,22.407,0.97406,0.99069,0.99059
text,reader-serif-22,floyd-steinberg,16,16144,16221,5895,5150,3129,1970,16,44.106,0.99981,0.99997,0.99998
text,reader-serif-22,floyd-steinberg,12,16156,16222,5889,5209,3112,1946,12,39.865,0.99950,0.99993,0.99995
text,reader-serif-22,floyd-steinberg,8,15422,15410,5604,4994,2943,1881,8,36.954,0.99904,0.99987,0.99990
text,reader-serif-22,floyd-steinberg,6,15119,14961,5498,4867,2924,1830,6,34.266,0.99824,0.99974,0.99981
text,reader-serif-22,floyd-steinberg,4,14124,13586,5166,4527,2681,1750,4,30.321,0.99560,0.99930,0.99943
text,reader-serif-22,floyd-steinberg,3,13833,12862,5081,4496,2643,1613,3,26.779,0.99028,0.99848,0.99874
text,reader-serif-22,floyd-steinberg,2,13081,11531,4894,4206,2441,1540,2,20.894,0.96596,0.99450,0.99533
text,reader-serif-22,atkinson,16,15485,15594,5710,4889,2974,1912,16,44.927,0.99984,0.99997,0.99997
text,reader-serif-22,atkinson,12,15318,15345,5538,4899,2968,1913,12,40.836,0.99960,0.99992,0.99993
text,reader-serif-22,atkinson,8,15046,14858,5491,4802,2872,1881,8,37.787,0.99920,0.99984,0.99986
text,reader-serif-22,atkinson,6,14295,14096,5174,4625,2728,1768,6,35.329,0.99858,0.99969,0.99972
text,reader-serif-22,atkinson,4,13759,13021,4970,4457,2612,1720,4,31.227,0.99636,0.99925,0.99927
text,reader-serif-22,atkinson,3,13271,12221,4949,4226,2527,1569,3,27.783,0.99211,0.99833,0.99837
text,reader-serif-22,atkinson,2,12704,11210,4773,3991,2437,1503,2,21.885,0.97209,0.99384,0.99423
text,reader-serif-22,bayer2,16,16003,16130,5899,5031,3130,1943,16,42.701,0.99973,0.99995,0.99995
text,reader-serif-22,bayer2,12,15737,15751,5755,4954,3111,1917,12,38.438,0.99927,0.99987,0.99987
text,reader-serif-22,bayer2,8,15258,15320,5615,4816,2971,1856,8,35.474,0.99858,0.99975,0.99976
text,reader-serif-22,bayer2,6,14833,14590,5461,4726,2874,1772,6,32.819,0.99740,0.99951,0.99952
text,reader-serif-22,bayer2,4,14069,13539,5154,4510,2713,1692,4,28.472,0.99306,0.99873,0.99877
text,reader-serif-22,bayer2,3,13437,12622,4970,4281,2579,1607,3,25.154,0.98506,0.99727,0.99723
text,reader-serif-22,bayer2,2,12641,11150,4714,4018,2427,1482,2,19.392,0.94951,0.98855,0.98836
text,reader-serif-22,bayer4,16,16395,16475,6068,5167,3181,1979,16,42.146,0.99970,0.99995,0.99995
text,reader-serif-22,bayer4,12,16044,16133,5873,5053,3171,1947,12,38.313,0.99926,0.99987,0.99988
text,reader-serif-22,bayer4,8,15639,15670,5708,5044,2981,1906,8,35.341,0.99854,0.99974,0.99975
text,reader-serif-22,bayer4,6,15257,14977,5623,4851,2965,1818,6,32.547,0.99724,0.99949,0.99950
text,reader-serif-22,bayer4,4,14430,13941,5316,4598,2775,1741,4,28.301,0.99281,0.99867,0.99874
text,reader-serif-22,bayer4,3,13844,12895,5106,4437,2652,1649,3,24.995,0.98462,0.99715,0.99720
text,reader-serif-22,bayer4,2,12777,11347,4761,4087,2492,1437,2,19.152,0.94637,0.98804,0.98749
text,reader-serif-22,bayer8,16,16337,16471,6058,5128,3174,1977,16,42.254,0.99970,0.99995,0.99995
text,reader-serif-22,bayer8,12,16135,16235,5935,5062,3183,1955,12,38.215,0.99924,0.99986,0.99987
text,reader-serif-22,bayer8,8,15675,15724,5747,5039,2992,1897,8,35.313,0.99853,0.99974,0.99975
text,reader-serif-22,bayer8,6,15256,15021,5600,4855,2978,1823,6,32.563,0.99724,0.99948,0.99950
text,reader-serif-22,bayer8,4,14458,13987,5349,4564,2791,1754,4,28.300,0.99280,0.99865,0.99872
text,reader-serif-22,bayer8,3,13838,12957,5111,4427,2636,1664,3,24.989,0.98458,0.99710,0.99716
text,reader-serif-22,bayer8,2,12975,11374,4810,4157,2500,1508,2,19.110,0.94604,0.98801,0.98750
text,reader-serif-22,blue-noise,16,16942,17079,6234,5463,3245,2000,16,42.198,0.99970,0.99994,0.99994
text,reader-serif-22,blue-noise,12,16630,16707,6061,5355,3227,1987,12,38.204,0.99924,0.99985,0.99985
text,reader-serif-22,blue-noise,8,16180,16291,5953,5178,3101,1948,8,35.273,0.99853,0.99971,0.99972
text,reader-serif-22,blue-noise,6,15628,15590,5690,5015,3035,1888,6,32.544,0.99725,0.99945,0.99947
text,reader-serif-22,blue-noise,4,14829,14342,5447,4749,2838,1795,4,28.312,0.99278,0.99858,0.99864
text,reader-serif-22,blue-noise,3,14297,13489,5235,4644,2720,1698,3,24.917,0.98435,0.99689,0.99692
text,reader-serif-22,blue-noise,2,13289,11880,4869,4326,2531,1563,2,18.916,0.94413,0.98793,0.98751
text,code-mono-14,none,16,11287,11343,5141,1838,2953,1355,14,42.521,0.99837,0.99861,0.99858
text,code-mono-14,none,12,11042,11016,5021,1807,2900,1314,11,37.017,0.99573,0.99612,0.99633
text,code-mono-14,none,8,10647,10609,4856,1759,2737,1295,7,38.780,0.99752,0.99835,0.99829
text,code-mono-14,none,6,10182,9939,4644,1681,2617,1240,5,34.913,0.99439,0.99573,0.99588
text,code-mono-14,none,4,9826,9459,4521,1636,2490,1179,4,26.447,0.92224,0.92472,0.92733
text,code-mono-14,none,3,9318,8836,4241,1586,2366,1125,3,25.101,0.91497,0.92552,0.92471
text,code-mono-14,none,2,8236,7384,3984,1411,1822,1019,2,21.713,0.88330,0.90503,0.90075
text,code-mono-14,floyd-steinberg,16,13847,13659,5417,1871,4222,2337,15,40.374,0.98584,0.99910,0.99988
text,code-mono-14,floyd-steinberg,12,13851,13596,5524,1929,4184,2214,11,34.497,0.97140,0.99783,0.99960
text,code-mono-14,floyd-steinberg,8,13163,12945,5118,1819,3944,2282,8,35.527,0.97632,0.99806,0.99946
text,code-mono-14,floyd-steinberg,6,12993,12681,4945,1727,4004,2317,6,31.674,0.96390,0.99667,0.99886
text,code-mono-14,floyd-steinberg,4,11831,11524,4829,1715,3422,1865,4,25.710,0.93854,0.99451,0.99731
text,code-mono-14,floyd-steinberg,3,12653,12133,4642,1692,3926,2393,3,22.371,0.91821,0.98740,0.99113
text,code-mono-14,floyd-steinberg,2,11494,10314,4361,1510,3459,2164,2,18.248,0.87992,0.97332,0.97354
text,code-mono-14,atkinson,16,12844,12820,5258,1855,3726,2005,15,40.820,0.98628,0.99896,0.99975
text,code-mono-14,atkinson,12,13293,13033,5140,1854,4019,2280,11,35.055,0.97269,0.99741,0.99888
text,code-mono-14,atkinson,8,12132,11930,4999,1787,3475,1871,7,37.045,0.98166,0.99788,0.99848
text,code-mono-14,atkinson,6,11898,11568,4747,1722,3478,1951,6,32.787,0.96816,0.99620,0.99771
text,code-mono-14,atkinson,4,12014,11727,4623,1698,3597,2096,4,25.965,0.93939,0.99139,0.99469
text,code-mono-14,atkinson,3,11872,11271,4534,1636,3522,2180,3,23.071,0.92110,0.98242,0.98325
text,code-mono-14,atkinson,2,10091,9048,4264,1496,2790,1541,2,20.167,0.88604,0.95047,0.93446
text,code-mono-14,bayer2,16,11752,11824,5265,1864,3129,1494,15,40.180,0.98711,0.99919,0.99975
text,code-mono-14,bayer2,12,11569,11542,5205,1829,3085,1450,11,34.523,0.97279,0.99823,0.99942
text,code-mono-14,bayer2,8,11094,11046,5006,1772,2923,1393,7,33.917,0.97233,0.99809,0.99927
text,code-mono-14,bayer2,6,10935,10867,4884,1755,2914,1382,6,30.607,0.96003,0.99696,0.99860
text,code-mono-14,bayer2,4,10379,10059,4672,1680,2717,1310,4,25.185,0.93521,0.99519,0.99771
text,code-mono-14,bayer2,3,9921,9358,4460,1613,2590,1258,3,22.061,0.90869,0.98672,0.98922
text,code-mono-14,bayer2,2,9071,8118,4291,1454,2250,1076,2,16.117,0.84069,0.95786,0.96602
text,code-mono-14,bayer4,16,11926,12020,5309,1901,3211,1505,15,39.525,0.98538,0.99904,0.99982
text,code-mono-14,bayer4,12,11744,11681,5280,1849,3142,1473,11,34.149,0.97113,0.99770,0.99883
text,code-mono-14,bayer4,8,11273,11262,5058,1804,2993,1418,8,34.264,0.97441,0.99769,0.99864
text,code-mono-14,bayer4,6,11062,10986,4969,1758,2933,1402,6,30.958,0.96303,0.99618,0.99757
text,code-mono-14,bayer4,4,10621,10296,4758,1712,2842,1309,4,25.161,0.93491,0.99495,0.99761
text,code-mono-14,bayer4,3,10025,9584,4512,1625,2622,1266,3,21.678,0.90767,0.98542,0.98587
text,code-mono-14,bayer4,2,9384,8439,4291,1526,2440,1127,2,16.674,0.84419,0.95841,0.95261
text,code-mono-14,bayer8,16,11999,12110,5358,1900,3222,1519,15,39.637,0.98556,0.99904,0.99974
text,code-mono-14,bayer8,12,11842,11809,5307,1863,3177,1495,11,34.082,0.97094,0.99759,0.99869
text,code-mono-14,bayer8,8,11348,11374,5073,1798,3028,1449,8,34.337,0.97495,0.99762,0.99853
text,code-mono-14,bayer8,6,11160,11124,5010,1746,2979,1425,6,30.739,0.96140,0.99639,0.99748
text,code-mono-14,bayer8,4,10696,10414,4783,1702,2860,1351,4,25.196,0.93484,0.99319,0.99398
text,code-mono-14,bayer8,3,10156,9701,4589,1631,2642,1294,3,21.776,0.90754,0.98499,0.98417
text,code-mono-14,bayer8,2,9475,8489,4273,1542,2456,1204,2,16.949,0.84583,0.95934,0.95383
text,code-mono-14,blue-noise,16,13539,13562,5705,1954,3755,2125,15,39.614,0.98561,0.99892,0.99971
text,code-mono-14,blue-noise,12,13367,13379,5614,1920,3738,2095,11,34.075,0.97097,0.99728,0.99895
text,code-mono-14,blue-noise,8,12943,12821,5444,1863,3611,2025,8,34.258,0.97481,0.99756,0.99891
text,code-mono-14,blue-noise,6,12725,12662,5302,1847,3538,2038,6,30.704,0.96145,0.99550,0.99764
text,code-mono-14,blue-noise,4,12339,12195,5042,1757,3531,2009,4,25.199,0.93461,0.99037,0.99313
text,code-mono-14,blue-noise,3,11878,11451,4885,1716,3327,1950,3,21.821,0.90959,0.98301,0.98521
text,code-mono-14,blue-noise,2,10611,9692,4436,1513,2934,1728,2,17.140,0.85130,0.96093,0.95991
text,notes-bullets,none,16,10986,11120,4060,2152,2554,2220,16,45.896,0.99981,0.99992,0.99992
text,notes-bullets,none,12,10863,10982,3974,2141,2525,2223,12,39.958,0.99929,0.99968,0.99966
text,notes-bullets,none,8,10529,10628,3862,2071,2435,2161,8,39.201,0.99907,0.99968,0.99966
text,notes-bullets,none,6,10062,10058,3632,1998,2350,2082,6,35.946,0.99811,0.99898,0.99906
text,notes-bullets,none,4,9535,9433,3438,1907,2222,1968,4,30.618,0.99404,0.99728,0.99736
text,notes-bullets,none,3,9091,8635,3240,1801,2135,1915,3,27.771,0.98906,0.99491,0.99525
text,notes-bullets,none,2,8468,7505,3099,1704,1920,1745,2,21.672,0.96037,0.97664,0.97797
text,notes-bullets,floyd-steinberg,16,11896,12071,4433,2341,2709,2413,16,44.465,0.99975,0.99996,0.99997
text,notes-bullets,floyd-steinberg,12,11876,12001,4412,2338,2682,2444,12,38.708,0.99909,0.99987,0.99992
text,notes-bullets,floyd-steinberg,8,11029,11158,4105,2137,2509,2278,8,37.999,0.99882,0.99980,0.99984
text,notes-bullets,floyd-steinberg,6,11214,11318,4138,2216,2547,2313,6,34.357,0.99750,0.99961,0.99973
text,notes-bullets,floyd-steinberg,4,10720,10705,3938,2130,2452,2200,4,29.206,0.99220,0.99888,0.99931
text,notes-bullets,floyd-steinberg,3,10196,9826,3684,2033,2340,2139,3,26.242,0.98491,0.99756,0.99830
text,notes-bullets,floyd-steinberg,2,9577,8639,3464,1896,2232,1985,2,19.936,0.94742,0.99042,0.99326
text,notes-bullets,atkinson,16,11558,11756,4308,2283,2656,2311,16,45.452,0.99980,0.99995,0.99995
text,notes-bullets,atkinson,12,11416,11554,4218,2263,2618,2317,12,39.462,0.99924,0.99983,0.99986
text,notes-bullets,atkinson,8,10759,10858,3950,2118,2495,2196,8,38.896,0.99903,0.99976,0.99977
text,notes-bullets,atkinson,6,10697,10784,3881,2144,2442,2230,6,35.333,0.99795,0.99949,0.99951
text,notes-bullets,atkinson,4,10340,10297,3720,2072,2408,2140,4,30.024,0.99345,0.99853,0.99870
text,notes-bullets,atkinson,3,9669,9283,3466,1934,2226,2043,3,27.269,0.98794,0.99706,0.99738
text,notes-bullets,atkinson,2,9320,8254,3369,1849,2154,1948,2,20.938,0.95708,0.98816,0.98912
text,notes-bullets,bayer2,16,11777,11909,4328,2280,2766,2403,16,42.791,0.99962,0.99992,0.99992
text,notes-bullets,bayer2,12,11596,11734,4246,2259,2691,2400,12,37.567,0.99879,0.99977,0.99980
text,notes-bullets,bayer2,8,10999,11095,4050,2157,2517,2275,8,36.228,0.99818,0.99957,0.99959
text,notes-bullets,bayer2,6,10854,10863,3981,2127,2526,2220,6,32.898,0.99644,0.99933,0.99938
text,notes-bullets,bayer2,4,10148,9967,3647,2003,2378,2120,4,28.098,0.98941,0.99804,0.99822
text,notes-bullets,bayer2,3,9766,9307,3573,1903,2264,2026,3,24.916,0.97896,0.99562,0.99581
text,notes-bullets,bayer2,2,9062,8098,3258,1822,2093,1889,2,18.594,0.92643,0.98422,0.98567
text,notes-bullets,bayer4,16,12005,12158,4440,2339,2777,2449,16,42.467,0.99959,0.99992,0.99992
text,notes-bullets,bayer4,12,11837,12003,4331,2317,2744,2445,12,37.485,0.99876,0.99976,0.99979
text,notes-bullets,bayer4,8,11379,11508,4205,2175,2642,2357,8,35.730,0.99800,0.99956,0.99959
text,notes-bullets,bayer4,6,11205,11223,4146,2172,2584,2303,6,32.799,0.99630,0.99926,0.99933
text,notes-bullets,bayer4,4,10531,10446,3792,2066,2447,2226,4,27.988,0.98916,0.99786,0.99819
text,notes-bullets,bayer4,3,10084,9544,3680,1985,2317,2102,3,24.859,0.97853,0.99556,0.99590
text,notes-bullets,bayer4,2,9294,8270,3429,1816,2153,1896,2,18.555,0.92615,0.98260,0.98527
text,notes-bullets,bayer8,16,12087,12240,4476,2349,2800,2462,16,42.599,0.99960,0.99992,0.99992
text,notes-bullets,bayer8,12,11893,12079,4351,2319,2770,2453,12,37.471,0.99875,0.99975,0.99978
text,notes-bullets,bayer8,8,11421,11561,4220,2187,2669,2345,8,35.665,0.99797,0.99954,0.99957
text,notes-bullets,bayer8,6,11283,11297,4175,2201,2605,2302,6,32.819,0.99631,0.99923,0.99932
text,notes-bullets,bayer8,4,10581,10473,3816,2070,2477,2218,4,27.998,0.98920,0.99787,0.99817
text,notes-bullets,bayer8,3,10112,9584,3702,1995,2313,2102,3,24.848,0.97846,0.99545,0.99587
text,notes-bullets,bayer8,2,9280,8241,3391,1829,2158,1902,2,18.545,0.92566,0.98249,0.98472
text,notes-bullets,blue-noise,16,12546,12742,4627,2464,2884,2571,16,42.568,0.99960,0.99992,0.99992
text,notes-bullets,blue-noise,12,12447,12635,4559,2474,2868,2546,12,37.394,0.99873,0.99973,0.99976
text,notes-bullets,blue-noise,8,11819,11969,4373,2303,2735,2408,8,35.740,0.99802,0.99956,0.99960
text,notes-bullets,blue-noise,6,11809,11967,4321,2376,2704,2408,6,32.777,0.99629,0.99921,0.99931
text,notes-bullets,blue-noise,4,11307,11410,4090,2262,2617,2338,4,28.049,0.98938,0.99776,0.99809
text,notes-bullets,blue-noise,3,10626,10499,3820,2153,2440,2213,3,24.840,0.97849,0.99531,0.99590
text,notes-bullets,blue-noise,2,9763,8820,3496,1947,2275,2045,2,18.572,0.92635,0.98106,0.98276
text,teleprompter-34,none,16,9624,9624,2517,2438,2223,2446,16,46.139,0.99967,0.99985,0.99987
text,teleprompter-34,none,12,9476,9392,2452,2378,2230,2416,12,43.534,0.99940,0.99980,0.99980
text,teleprompter-34,none,8,9288,8845,2405,2348,2219,2316,8,36.862,0.99768,0.99868,0.99890
text,teleprompter-34,none,6,8934,8399,2344,2241,2105,2244,6,35.906,0.99696,0.99852,0.99873
text,teleprompter-34,none,4,8882,8131,2312,2245,2150,2175,4,30.061,0.99032,0.99409,0.99520
text,teleprompter-34,none,3,8594,7582,2346,2005,2142,2101,3,30.858,0.98824,0.99750,0.99683
text,teleprompter-34,none,2,8600,7516,2331,2134,2036,2099,2,19.137,0.93372,0.95473,0.96736
text,teleprompter-34,floyd-steinberg,16,11664,11631,2970,2870,2931,2893,16,43.285,0.99938,0.99994,0.99997
text,teleprompter-34,floyd-steinberg,12,11233,11061,2985,2845,2727,2676,12,40.503,0.99874,0.99985,0.99988
text,teleprompter-34,floyd-steinberg,8,11170,11001,2833,2742,2835,2760,8,33.961,0.99506,0.99955,0.99983
text,teleprompter-34,floyd-steinberg,6,10879,10502,2786,2716,2704,2673,6,33.289,0.99421,0.99947,0.99975
text,teleprompter-34,floyd-steinberg,4,10608,10024,2750,2601,2647,2610,4,28.169,0.98283,0.99842,0.99940
text,teleprompter-34,floyd-steinberg,3,9335,8227,2488,2332,2292,2223,3,29.847,0.98657,0.99834,0.99861
text,teleprompter-34,floyd-steinberg,2,9745,8746,2551,2388,2435,2371,2,18.255,0.91240,0.98939,0.99528
text,teleprompter-34,atkinson,16,10758,10762,2778,2711,2630,2639,16,44.726,0.99954,0.99992,0.99993
text,teleprompter-34,atkinson,12,10068,9843,2683,2524,2411,2450,12,43.016,0.99933,0.99985,0.99986
text,teleprompter-34,atkinson,8,10408,10157,2707,2643,2533,2525,8,35.189,0.99630,0.99937,0.99952
text,teleprompter-34,atkinson,6,10289,9771,2652,2567,2533,2537,6,34.454,0.99554,0.99927,0.99940
text,teleprompter-34,atkinson,4,10278,9720,2704,2556,2585,2433,4,28.694,0.98492,0.99800,0.99881
text,teleprompter-34,atkinson,3,9096,7882,2395,2275,2238,2188,3,30.532,0.98814,0.99823,0.99816
text,teleprompter-34,atkinson,2,9749,8777,2592,2407,2416,2334,2,18.546,0.91401,0.98553,0.99053
text,teleprompter-34,bayer2,16,10474,10394,2721,2640,2518,2595,16,42.248,0.99922,0.99992,0.99995
text,teleprompter-34,bayer2,12,10117,9861,2631,2654,2397,2435,12,41.156,0.99894,0.99977,0.99980
text,teleprompter-34,bayer2,8,9754,9393,2522,2437,2324,2471,8,33.232,0.99404,0.99939,0.99964
text,teleprompter-34,bayer2,6,9647,9149,2501,2473,2295,2378,6,32.419,0.99270,0.99927,0.99950
text,teleprompter-34,bayer2,4,9476,8641,2521,2408,2206,2341,4,27.739,0.98119,0.99757,0.99825
text,teleprompter-34,bayer2,3,9537,8174,2553,2403,2336,2245,3,27.835,0.97846,0.99699,0.99680
text,teleprompter-34,bayer2,2,9014,7904,2399,2256,2218,2141,2,17.701,0.89725,0.98848,0.99113
text,teleprompter-34,bayer4,16,10672,10593,2802,2675,2549,2646,16,41.966,0.99916,0.99992,0.99995
text,teleprompter-34,bayer4,12,10702,10539,2827,2665,2571,2639,12,38.449,0.99815,0.99977,0.99985
text,teleprompter-34,bayer4,8,10146,9796,2700,2563,2412,2471,8,33.168,0.99398,0.99939,0.99967
text,teleprompter-34,bayer4,6,9990,9377,2625,2553,2375,2437,6,32.283,0.99254,0.99926,0.99951
text,teleprompter-34,bayer4,4,9968,9111,2608,2605,2379,2376,4,27.370,0.97903,0.99782,0.99867
text,teleprompter-34,bayer4,3,9830,8585,2647,2414,2404,2365,3,26.437,0.97350,0.99601,0.99663
text,teleprompter-34,bayer4,2,9360,8321,2521,2309,2341,2189,2,17.707,0.90024,0.98606,0.98952
text,teleprompter-34,bayer8,16,10889,10816,2832,2772,2591,2694,16,42.132,0.99919,0.99991,0.99994
text,teleprompter-34,bayer8,12,10761,10628,2828,2713,2587,2633,12,38.352,0.99810,0.99976,0.99985
text,teleprompter-34,bayer8,8,10246,9878,2707,2600,2445,2494,8,33.142,0.99395,0.99939,0.99968
text,teleprompter-34,bayer8,6,10028,9453,2631,2574,2395,2428,6,32.267,0.99251,0.99925,0.99952
text,teleprompter-34,bayer8,4,9994,9234,2692,2539,2404,2359,4,27.393,0.97911,0.99776,0.99858
text,teleprompter-34,bayer8,3,9876,8701,2660,2496,2384,2336,3,26.939,0.97551,0.99644,0.99686
text,teleprompter-34,bayer8,2,9306,8242,2479,2331,2376,2120,2,17.685,0.89866,0.98656,0.98965
text,teleprompter-34,blue-noise,16,12220,12322,3176,2929,3071,3044,16,42.108,0.99919,0.99991,0.99994
text,teleprompter-34,blue-noise,12,11660,11679,3007,2829,2940,2884,12,38.418,0.99813,0.99976,0.99983
text,teleprompter-34,blue-noise,8,11685,11499,3020,2841,2928,2896,8,33.084,0.99384,0.99927,0.99959
text,teleprompter-34,blue-noise,6,11371,11082,2949,2740,2874,2808,6,32.249,0.99244,0.99911,0.99945
text,teleprompter-34,blue-noise,4,11104,10576,2896,2692,2819,2697,4,27.427,0.97937,0.99751,0.99850
text,teleprompter-34,blue-noise,3,10101,9123,2690,2489,2493,2429,3,26.986,0.97581,0.99633,0.99658
text,teleprompter-34,blue-noise,2,10120,9153,2643,2476,2574,2427,2,17.681,0.89753,0.98305,0.98765
line-art,flowchart,none,16,5582,5604,1398,1439,1149,1596,15,44.579,0.99975,0.99965,0.99979
line-art,flowchart,none,12,5516,5534,1391,1435,1138,1552,11,43.112,0.99963,0.99957,0.99973
line-art,flowchart,none,8,5459,5382,1422,1401,1123,1513,7,41.671,0.99943,0.99941,0.99962
line-art,flowchart,none,6,5388,5280,1388,1401,1112,1487,6,34.735,0.99782,0.99682,0.99813
line-art,flowchart,none,4,5273,5227,1375,1376,1092,1430,4,33.244,0.99666,0.99630,0.99768
line-art,flowchart,none,3,5195,4957,1342,1371,1097,1385,3,31.778,0.99499,0.99548,0.99679
line-art,flowchart,none,2,5231,4973,1444,1349,1128,1310,2,27.076,0.98647,0.99129,0.99291
line-art,flowchart,floyd-steinberg,16,6696,6655,1720,1879,1254,1843,15,43.832,0.99976,0.99997,0.99999
line-art,flowchart,floyd-steinberg,12,6436,6450,1661,1785,1231,1759,11,39.274,0.99930,0.99984,0.99993
line-art,flowchart,floyd-steinberg,8,6732,6719,1710,1897,1322,1803,8,38.648,0.99913,0.99982,0.99992
line-art,flowchart,floyd-steinberg,6,6068,6181,1603,1636,1204,1625,6,34.325,0.99792,0.99978,0.99991
line-art,flowchart,floyd-steinberg,4,6628,6523,1728,1877,1309,1714,4,30.511,0.99485,0.99891,0.99965
line-art,flowchart,floyd-steinberg,3,6008,5929,1581,1680,1212,1535,3,28.116,0.99086,0.99770,0.99887
line-art,flowchart,floyd-steinberg,2,5722,5533,1562,1606,1149,1405,2,24.061,0.97616,0.99254,0.99507
line-art,flowchart,atkinson,16,6328,6312,1556,1791,1278,1703,15,44.065,0.99977,0.99994,0.99998
line-art,flowchart,atkinson,12,5889,5872,1481,1609,1205,1594,11,42.448,0.99959,0.99965,0.99979
line-art,flowchart,atkinson,8,5987,5958,1508,1670,1207,1602,8,40.008,0.99932,0.99972,0.99983
line-art,flowchart,atkinson,6,6277,6177,1455,1840,1263,1719,6,34.524,0.99803,0.99955,0.99981
line-art,flowchart,atkinson,4,5756,5708,1513,1536,1175,1532,4,31.630,0.99588,0.99836,0.99914
line-art,flowchart,atkinson,3,5330,5230,1381,1400,1114,1435,3,31.360,0.99478,0.99623,0.99757
line-art,flowchart,atkinson,2,5482,5153,1497,1470,1161,1354,2,26.669,0.98610,0.99357,0.99531
line-art,flowchart,bayer2,16,6040,5986,1540,1645,1208,1647,15,43.478,0.99972,0.99997,0.99998
line-art,flowchart,bayer2,12,5929,5986,1520,1527,1240,1642,11,38.702,0.99917,0.99979,0.99988
line-art,flowchart,bayer2,8,5880,5858,1504,1571,1229,1576,8,37.865,0.99886,0.99974,0.99983
line-art,flowchart,bayer2,6,5807,5752,1503,1561,1161,1582,6,33.916,0.99753,0.99967,0.99978
line-art,flowchart,bayer2,4,5564,5493,1443,1455,1180,1486,4,30.183,0.99393,0.99845,0.99906
line-art,flowchart,bayer2,3,5592,5423,1450,1504,1168,1470,3,27.101,0.98777,0.99673,0.99785
line-art,flowchart,bayer2,2,5363,5138,1503,1508,992,1360,2,24.549,0.97780,0.99171,0.99386
line-art,flowchart,bayer4,16,6076,6026,1553,1648,1210,1665,15,43.337,0.99971,0.99996,0.99998
line-art,flowchart,bayer4,12,5980,6036,1537,1545,1245,1653,11,38.639,0.99916,0.99979,0.99988
line-art,flowchart,bayer4,8,5953,5898,1544,1605,1231,1573,8,37.804,0.99886,0.99972,0.99982
line-art,flowchart,bayer4,6,5901,5828,1541,1591,1178,1591,6,33.864,0.99752,0.99966,0.99977
line-art,flowchart,bayer4,4,5737,5684,1478,1530,1199,1530,4,29.609,0.99322,0.99833,0.99912
line-art,flowchart,bayer4,3,5644,5494,1455,1534,1168,1487,3,27.885,0.98963,0.99680,0.99807
line-art,flowchart,bayer4,2,5621,5325,1508,1551,1161,1401,2,21.998,0.96539,0.98961,0.99388
line-art,flowchart,bayer8,16,6179,6182,1666,1667,1188,1658,15,43.391,0.99971,0.99996,0.99997
line-art,flowchart,bayer8,12,6254,6233,1617,1691,1251,1695,11,38.825,0.99918,0.99978,0.99988
line-art,flowchart,bayer8,8,6094,6052,1595,1677,1251,1571,8,37.629,0.99883,0.99971,0.99982
line-art,flowchart,bayer8,6,5996,5932,1604,1593,1180,1619,6,33.874,0.99753,0.99964,0.99977
line-art,flowchart,bayer8,4,5784,5750,1509,1564,1208,1503,4,29.747,0.99341,0.99838,0.99911
line-art,flowchart,bayer8,3,5851,5682,1552,1632,1181,1486,3,27.692,0.98926,0.99680,0.99803
line-art,flowchart,bayer8,2,5523,5391,1493,1556,1122,1352,2,22.912,0.97080,0.99067,0.99364
line-art,flowchart,blue-noise,16,7165,7189,1879,2068,1308,1910,15,43.454,0.99972,0.99993,0.99996
line-art,flowchart,blue-noise,12,7065,6994,1894,2033,1334,1804,11,38.769,0.99918,0.99978,0.99989
line-art,flowchart,blue-noise,8,6847,6873,1863,1933,1261,1790,8,37.752,0.99886,0.99969,0.99982
line-art,flowchart,blue-noise,6,6914,6905,1824,2005,1270,1815,6,33.875,0.99747,0.99931,0.99966
line-art,flowchart,blue-noise,4,6755,6711,1810,1911,1307,1727,4,29.908,0.99363,0.99829,0.99904
line-art,flowchart,blue-noise,3,6504,6350,1739,1866,1253,1646,3,27.410,0.98862,0.99688,0.99817
line-art,flowchart,blue-noise,2,6137,5842,1676,1760,1182,1519,2,22.488,0.96819,0.98952,0.99282
line-art,spirograph,none,16,58376,59414,13876,15144,14036,15320,14,38.330,0.99871,0.99954,0.99945
line-art,spirograph,none,12,55854,57758,13265,14506,13382,14701,10,30.924,0.99242,0.99641,0.99650
line-art,spirograph,none,8,53357,55637,12594,13874,12739,14150,7,31.141,0.99378,0.99766,0.99723
line-art,spirograph,none,6,48164,50183,11329,12617,11437,12781,5,27.826,0.98529,0.99384,0.99346
line-art,spirograph,none,4,45582,46167,10771,11938,10810,12063,4,22.143,0.95945,0.97822,0.97675
line-art,spirograph,none,3,41233,39234,9736,10752,9805,10940,3,19.269,0.93836,0.96982,0.96793
line-art,spirograph,none,2,36280,30843,8584,9515,8618,9563,2,14.187,0.85961,0.93020,0.92766
line-art,spirograph,floyd-steinberg,16,58863,59857,13942,15279,14166,15476,14,37.121,0.99509,0.99936,0.99954
line-art,spirograph,floyd-steinberg,12,58157,59580,13827,15089,13980,15261,11,30.030,0.97383,0.99757,0.99913
line-art,spirograph,floyd-steinberg,8,54203,56510,12712,14128,12971,14392,8,29.951,0.98785,0.99796,0.99826
line-art,spirograph,floyd-steinberg,6,51945,54184,12238,13592,12311,13804,6,26.071,0.96081,0.99426,0.99721
line-art,spirograph,floyd-steinberg,4,47588,48875,11134,12528,11287,12639,4,20.914,0.92865,0.98732,0.99327
line-art,spirograph,floyd-steinberg,3,43752,42132,10322,11437,10390,11603,3,17.848,0.89266,0.97849,0.98507
line-art,spirograph,floyd-steinberg,2,39205,33559,9208,10332,9348,10317,2,12.538,0.78702,0.94000,0.94431
line-art,spirograph,atkinson,16,58442,59348,13886,15149,14068,15339,14,38.013,0.99858,0.99965,0.99960
line-art,spirograph,atkinson,12,58471,59904,13865,15171,14058,15377,11,30.499,0.97443,0.99564,0.99831
line-art,spirograph,atkinson,8,53630,55888,12616,13962,12826,14226,7,30.803,0.99323,0.99831,0.99812
line-art,spirograph,atkinson,6,50306,52295,11789,13231,11844,13442,6,27.025,0.96361,0.99305,0.99539
line-art,spirograph,atkinson,4,47001,48433,11053,12395,11097,12456,4,21.559,0.93571,0.98410,0.98742
line-art,spirograph,atkinson,3,42837,40927,10082,11220,10154,11381,3,18.666,0.90838,0.97469,0.97525
line-art,spirograph,atkinson,2,37740,32145,8909,9913,8971,9947,2,13.667,0.82622,0.93646,0.92828
line-art,spirograph,bayer2,16,58402,59471,13881,15114,14087,15320,14,35.817,0.99778,0.99942,0.99934
line-art,spirograph,bayer2,12,57447,58809,13624,14885,13862,15076,11,29.199,0.97259,0.99727,0.99790
line-art,spirograph,bayer2,8,54051,56365,12741,14157,12902,14251,7,28.408,0.98851,0.99693,0.99651
line-art,spirograph,bayer2,6,50520,52949,11925,13198,12074,13323,6,24.813,0.95668,0.99340,0.99383
line-art,spirograph,bayer2,4,44875,45478,10576,11807,10664,11828,4,19.696,0.91277,0.98491,0.98515
line-art,spirograph,bayer2,3,41350,39142,9810,10819,9868,10853,3,16.517,0.86368,0.96913,0.96783
line-art,spirograph,bayer2,2,34903,29973,8211,9109,8318,9265,2,10.188,0.65747,0.89277,0.89216
line-art,spirograph,bayer4,16,58546,59547,13935,15102,14125,15384,14,34.876,0.99323,0.99890,0.99913
line-art,spirograph,bayer4,12,57454,58890,13669,14844,13863,15078,11,29.107,0.97241,0.99722,0.99793
line-art,spirograph,bayer4,8,54112,56416,12790,14161,12902,14259,7,28.270,0.98828,0.99673,0.99643
line-art,spirograph,bayer4,6,51372,53765,12121,13398,12272,13581,6,24.529,0.95527,0.99148,0.99240
line-art,spirograph,bayer4,4,45758,46697,10805,11982,10935,12036,4,19.697,0.91373,0.98069,0.98123
line-art,spirograph,bayer4,3,41378,39281,9810,10742,9936,10890,3,16.330,0.85797,0.96324,0.96185
line-art,spirograph,bayer4,2,37048,31573,8717,9713,8859,9759,2,10.727,0.68761,0.88218,0.88162
line-art,spirograph,bayer8,16,58578,59573,13947,15127,14127,15377,14,34.975,0.99331,0.99891,0.99913
line-art,spirograph,bayer8,12,57525,58922,13676,14838,13878,15133,11,29.084,0.97229,0.99655,0.99717
line-art,spirograph,bayer8,8,54350,56674,12858,14215,12979,14298,7,28.067,0.98148,0.99581,0.99576
line-art,spirograph,bayer8,6,51396,53759,12095,13410,12311,13580,6,24.542,0.95531,0.99143,0.99237
line-art,spirograph,bayer8,4,46210,47156,10869,12108,11080,12153,4,19.728,0.91464,0.97971,0.98043
line-art,spirograph,bayer8,3,41548,39518,9858,10795,9962,10933,3,16.362,0.85914,0.96318,0.96095
line-art,spirograph,bayer8,2,37222,31461,8776,9777,8855,9814,2,10.660,0.68409,0.87983,0.87635
line-art,spirograph,blue-noise,16,59116,60071,13990,15307,14277,15542,14,35.028,0.99357,0.99891,0.99910
line-art,spirograph,blue-noise,12,59007,60373,13978,15303,14180,15546,11,29.080,0.97220,0.99550,0.99706
line-art,spirograph,blue-noise,8,54680,56920,12880,14311,13013,14476,7,28.081,0.98209,0.99575,0.99576
line-art,spirograph,blue-noise,6,53500,55927,12612,13992,12756,14140,6,24.546,0.95528,0.99032,0.99248
line-art,spirograph,blue-noise,4,48893,50917,11499,12826,11597,12971,4,19.739,0.91446,0.97694,0.97972
line-art,spirograph,blue-noise,3,44952,44447,10651,11736,10703,11862,3,16.379,0.85891,0.95668,0.95959
line-art,spirograph,blue-noise,2,41076,34977,9758,10754,9824,10740,2,10.682,0.68452,0.87617,0.87503
line-art,gear-drawing,none,16,8990,8984,3347,1868,3416,359,15,48.938,0.99986,0.99994,0.99994
line-art,gear-drawing,none,12,8780,8764,3241,1843,3337,359,11,45.176,0.99971,0.99990,0.99990
line-art,gear-drawing,none,8,8391,8365,3088,1754,3206,343,8,40.677,0.99934,0.99966,0.99976
line-art,gear-drawing,none,6,8028,7970,2990,1693,3013,332,6,37.588,0.99600,0.99786,0.99684
line-art,gear-drawing,none,4,7496,7375,2783,1568,2827,318,4,34.829,0.99629,0.99802,0.99801
line-art,gear-drawing,none,3,7360,7203,2699,1624,2714,323,3,29.163,0.98145,0.98697,0.98562
line-art,gear-drawing,none,2,6340,6120,2430,1275,2386,249,2,25.090,0.94781,0.96507,0.96007
line-art,gear-drawing,floyd-steinberg,16,9468,9454,3401,2133,3493,441,16,47.342,0.99978,0.99995,0.99997
line-art,gear-drawing,floyd-steinberg,12,9241,9201,3358,2064,3402,417,12,43.766,0.99958,0.99992,0.99995
line-art,gear-drawing,floyd-steinberg,8,8805,8788,3219,1887,3334,365,8,39.586,0.99917,0.99986,0.99991
line-art,gear-drawing,floyd-steinberg,6,8796,8745,3116,1992,3210,478,6,35.842,0.99596,0.99921,0.99972
line-art,gear-drawing,floyd-steinberg,4,8210,8093,2954,1875,3001,380,4,32.685,0.99290,0.99806,0.99918
line-art,gear-drawing,floyd-steinberg,3,7928,7739,2848,1792,2894,394,3,28.265,0.97812,0.99665,0.99878
line-art,gear-drawing,floyd-steinberg,2,7178,6873,2598,1573,2667,340,2,23.336,0.95293,0.98666,0.99342
line-art,gear-drawing,atkinson,16,9110,9087,3371,1955,3426,358,15,48.580,0.99986,0.99996,0.99995
line-art,gear-drawing,atkinson,12,8823,8808,3255,1891,3319,358,11,44.851,0.99970,0.99992,0.99993
line-art,gear-drawing,atkinson,8,8702,8637,3219,1848,3292,343,8,40.170,0.99929,0.99984,0.99989
line-art,gear-drawing,atkinson,6,8551,8491,3077,1958,3135,381,6,36.755,0.99625,0.99883,0.99945
line-art,gear-drawing,atkinson,4,7678,7554,2796,1716,2844,322,4,34.414,0.99610,0.99851,0.99831
line-art,gear-drawing,atkinson,3,7763,7587,2766,1830,2812,355,3,28.849,0.97916,0.99364,0.99790
line-art,gear-drawing,atkinson,2,6734,6470,2457,1436,2554,287,2,24.361,0.95215,0.97887,0.98017
line-art,gear-drawing,bayer2,16,9151,9135,3382,1989,3426,354,15,46.459,0.99978,0.99994,0.99994
line-art,gear-drawing,bayer2,12,8913,8869,3273,1950,3337,353,11,42.365,0.99949,0.99987,0.99989
line-art,gear-drawing,bayer2,8,8657,8654,3208,1870,3228,351,8,38.329,0.99887,0.99979,0.99982
line-art,gear-drawing,bayer2,6,8499,8491,3079,1923,3132,365,6,34.856,0.99529,0.99857,0.99921
line-art,gear-drawing,bayer2,4,8043,7911,2937,1759,2999,348,4,30.574,0.98823,0.99641,0.99833
line-art,gear-drawing,bayer2,3,7768,7652,2831,1734,2872,331,3,26.498,0.97296,0.99611,0.99803
line-art,gear-drawing,bayer2,2,7106,6809,2643,1485,2686,292,2,21.861,0.94083,0.97505,0.98739
line-art,gear-drawing,bayer4,16,9513,9540,3480,2121,3526,386,16,44.993,0.99964,0.99991,0.99995
line-art,gear-drawing,bayer4,12,9284,9257,3352,2088,3464,380,12,41.767,0.99935,0.99985,0.99991
line-art,gear-drawing,bayer4,8,8917,8894,3238,2010,3285,384,8,37.924,0.99839,0.99961,0.99977
line-art,gear-drawing,bayer4,6,8617,8636,3121,1971,3141,384,6,34.534,0.99515,0.99904,0.99950
line-art,gear-drawing,bayer4,4,8224,8133,2967,1889,2994,374,4,30.879,0.99052,0.99761,0.99865
line-art,gear-drawing,bayer4,3,7913,7728,2881,1786,2911,335,3,26.812,0.97370,0.99616,0.99798
line-art,gear-drawing,bayer4,2,7133,6823,2670,1481,2683,299,2,21.359,0.93656,0.97380,0.98702
line-art,gear-drawing,bayer8,16,9509,9545,3478,2116,3529,386,16,45.083,0.99964,0.99991,0.99995
line-art,gear-drawing,bayer8,12,9256,9252,3350,2073,3453,380,12,41.740,0.99935,0.99985,0.99991
line-art,gear-drawing,bayer8,8,8924,8907,3237,2014,3289,384,8,37.898,0.99838,0.99960,0.99977
line-art,gear-drawing,bayer8,6,8611,8623,3107,1973,3147,384,6,34.562,0.99517,0.99904,0.99950
line-art,gear-drawing,bayer8,4,8214,8170,2949,1873,3014,378,4,30.928,0.99057,0.99762,0.99865
line-art,gear-drawing,bayer8,3,7905,7746,2868,1801,2900,336,3,26.808,0.97382,0.99598,0.99779
line-art,gear-drawing,bayer8,2,7175,6846,2674,1507,2692,302,2,21.367,0.93692,0.97391,0.98710
line-art,gear-drawing,blue-noise,16,9642,9651,3466,2134,3551,491,16,45.123,0.99964,0.99991,0.99994
line-art,gear-drawing,blue-noise,12,9381,9359,3411,2094,3395,481,12,41.862,0.99935,0.99984,0.99989
line-art,gear-drawing,blue-noise,8,9045,9033,3307,1967,3360,411,8,37.998,0.99848,0.99965,0.99975
line-art,gear-drawing,blue-noise,6,9189,9175,3178,2112,3289,610,6,34.612,0.99518,0.99887,0.99940
line-art,gear-drawing,blue-noise,4,8691,8586,3056,1979,3095,561,4,30.816,0.98947,0.99742,0.99851
line-art,gear-drawing,blue-noise,3,8358,8216,2900,1919,2959,580,3,26.898,0.97395,0.99260,0.99595
line-art,gear-drawing,blue-noise,2,7582,7357,2711,1691,2680,500,2,21.485,0.93867,0.97937,0.98664
line-art,icon-grid,none,16,5829,5835,1708,1409,1309,1403,15,45.990,0.99986,0.99982,0.99991
line-art,icon-grid,none,12,5619,5614,1668,1365,1242,1344,11,44.629,0.99980,0.99981,0.99990
line-art,icon-grid,none,8,5262,5198,1539,1255,1178,1290,7,41.828,0.99951,0.99955,0.99976
line-art,icon-grid,none,6,5109,5055,1501,1224,1141,1243,6,36.151,0.99877,0.99895,0.99948
line-art,icon-grid,none,4,4853,4760,1420,1129,1108,1196,4,34.062,0.99767,0.99868,0.99919
line-art,icon-grid,none,3,4798,4674,1393,1185,1059,1161,3,32.668,0.99654,0.99747,0.99860
line-art,icon-grid,none,2,4337,4074,1291,995,969,1082,2,26.224,0.98104,0.99259,0.99285
line-art,icon-grid,floyd-steinberg,16,6420,6425,1865,1555,1444,1556,15,45.114,0.99982,0.99998,0.99999
line-art,icon-grid,floyd-steinberg,12,6167,6200,1807,1482,1359,1519,11,41.058,0.99955,0.99995,0.99998
line-art,icon-grid,floyd-steinberg,8,6065,6061,1736,1480,1300,1549,8,38.843,0.99912,0.99991,0.99996
line-art,icon-grid,floyd-steinberg,6,5702,5657,1631,1393,1224,1454,6,35.524,0.99839,0.99984,0.99995
line-art,icon-grid,floyd-steinberg,4,5453,5416,1554,1339,1180,1380,4,31.671,0.99613,0.99960,0.99981
line-art,icon-grid,floyd-steinberg,3,5278,5193,1508,1263,1169,1338,3,29.392,0.99320,0.99921,0.99955
line-art,icon-grid,floyd-steinberg,2,4757,4618,1359,1110,1034,1254,2,24.819,0.97930,0.99636,0.99633
line-art,icon-grid,atkinson,16,6305,6297,1847,1483,1409,1566,15,45.542,0.99984,0.99997,0.99999
line-art,icon-grid,atkinson,12,5822,5799,1666,1437,1293,1426,11,43.032,0.99970,0.99991,0.99995
line-art,icon-grid,atkinson,8,5712,5686,1654,1363,1268,1427,8,40.223,0.99936,0.99985,0.99990
line-art,icon-grid,atkinson,6,5695,5686,1594,1346,1290,1465,6,35.914,0.99855,0.99973,0.99990
line-art,icon-grid,atkinson,4,5224,5190,1497,1265,1177,1285,4,33.060,0.99706,0.99954,0.99955
line-art,icon-grid,atkinson,3,5004,4878,1457,1193,1092,1262,3,31.350,0.99529,0.99858,0.99902
line-art,icon-grid,atkinson,2,4597,4458,1372,1072,944,1209,2,25.808,0.98287,0.99694,0.99744
line-art,icon-grid,bayer2,16,6164,6193,1814,1519,1363,1468,15,44.590,0.99978,0.99998,0.99998
line-art,icon-grid,bayer2,12,5891,5888,1712,1445,1300,1434,11,40.492,0.99949,0.99992,0.99997
line-art,icon-grid,bayer2,8,5674,5626,1657,1404,1235,1378,8,38.271,0.99899,0.99989,0.99990
line-art,icon-grid,bayer2,6,5404,5386,1571,1345,1170,1318,6,34.952,0.99802,0.99980,0.99984
line-art,icon-grid,bayer2,4,5121,5025,1479,1273,1120,1249,4,31.154,0.99537,0.99937,0.99952
line-art,icon-grid,bayer2,3,4912,4804,1427,1209,1056,1220,3,27.818,0.98959,0.99870,0.99905
line-art,icon-grid,bayer2,2,4773,4607,1378,1158,1045,1192,2,24.110,0.97739,0.99473,0.99683
line-art,icon-grid,bayer4,16,6186,6217,1826,1516,1360,1484,15,44.441,0.99977,0.99997,0.99998
line-art,icon-grid,bayer4,12,5906,5922,1719,1442,1300,1445,11,40.033,0.99941,0.99993,0.99997
line-art,icon-grid,bayer4,8,5671,5641,1651,1389,1243,1388,8,38.223,0.99897,0.99988,0.99990
line-art,icon-grid,bayer4,6,5423,5381,1581,1349,1165,1328,6,34.907,0.99799,0.99979,0.99983
line-art,icon-grid,bayer4,4,5249,5165,1509,1314,1150,1276,4,30.733,0.99496,0.99932,0.99964
line-art,icon-grid,bayer4,3,5023,4920,1471,1247,1099,1206,3,28.462,0.99114,0.99879,0.99926
line-art,icon-grid,bayer4,2,4785,4605,1405,1164,1053,1163,2,22.349,0.96953,0.99438,0.99645
line-art,icon-grid,bayer8,16,6205,6241,1831,1514,1358,1502,15,44.523,0.99977,0.99997,0.99998
line-art,icon-grid,bayer8,12,5945,5942,1722,1450,1315,1458,11,40.132,0.99942,0.99993,0.99997
line-art,icon-grid,bayer8,8,5733,5704,1671,1417,1251,1394,8,38.131,0.99896,0.99987,0.99990
line-art,icon-grid,bayer8,6,5474,5460,1608,1347,1173,1346,6,34.908,0.99799,0.99978,0.99983
line-art,icon-grid,bayer8,4,5207,5143,1508,1293,1125,1281,4,30.824,0.99506,0.99932,0.99961
line-art,icon-grid,bayer8,3,5025,4942,1460,1227,1079,1259,3,28.261,0.99075,0.99879,0.99924
line-art,icon-grid,bayer8,2,4838,4727,1405,1159,1067,1207,2,22.680,0.97120,0.99449,0.99659
line-art,icon-grid,blue-noise,16,6749,6803,1940,1668,1464,1677,15,44.509,0.99978,0.99997,0.99998
line-art,icon-grid,blue-noise,12,6420,6454,1838,1580,1403,1599,11,40.186,0.99943,0.99991,0.99996
line-art,icon-grid,blue-noise,8,6258,6299,1774,1539,1376,1569,8,38.039,0.99894,0.99986,0.99991
line-art,icon-grid,blue-noise,6,6224,6279,1758,1546,1341,1579,6,34.936,0.99803,0.99973,0.99985
line-art,icon-grid,blue-noise,4,5864,5836,1648,1465,1251,1500,4,30.874,0.99511,0.99932,0.99960
line-art,icon-grid,blue-noise,3,5520,5469,1545,1364,1185,1426,3,28.317,0.99084,0.99868,0.99916
line-art,icon-grid,blue-noise,2,5252,5122,1488,1271,1125,1368,2,22.759,0.97150,0.99442,0.99623
line-art,floor-plan,none,16,3267,3251,535,1242,604,886,14,51.275,0.99989,0.99995,0.99995
line-art,floor-plan,none,12,3180,3175,516,1192,600,872,11,48.008,0.99972,0.99985,0.99984
line-art,floor-plan,none,8,3033,3040,497,1134,570,832,8,35.403,0.99785,0.99929,0.99926
line-art,floor-plan,none,6,2941,2911,493,1095,558,795,6,35.131,0.99753,0.99918,0.99914
line-art,floor-plan,none,4,2805,2749,486,1022,537,760,4,31.534,0.99252,0.99733,0.99691
line-art,floor-plan,none,3,2603,2516,411,973,516,703,3,33.128,0.99428,0.99612,0.99695
line-art,floor-plan,none,2,1956,1930,419,666,349,522,2,21.684,0.91895,0.95407,0.95280
line-art,floor-plan,floyd-steinberg,16,4733,4678,735,1539,1015,1444,16,45.490,0.99974,0.99996,0.99997
line-art,floor-plan,floyd-steinberg,12,4591,4592,727,1545,1015,1304,12,44.023,0.99952,0.99993,0.99995
line-art,floor-plan,floyd-steinberg,8,5489,5420,1257,1477,1358,1397,8,33.709,0.99666,0.99969,0.99990
line-art,floor-plan,floyd-steinberg,6,4815,4731,830,1320,1219,1446,6,32.275,0.99554,0.99958,0.99978
line-art,floor-plan,floyd-steinberg,4,5416,5378,1135,1507,1336,1438,4,28.708,0.98929,0.99879,0.99923
line-art,floor-plan,floyd-steinberg,3,5073,4973,1083,1353,1249,1388,3,27.396,0.98592,0.99785,0.99856
line-art,floor-plan,floyd-steinberg,2,4476,4349,1195,1237,1158,886,2,21.095,0.93858,0.99084,0.98784
line-art,floor-plan,atkinson,16,3328,3301,563,1253,602,910,15,51.084,0.99989,0.99996,0.99997
line-art,floor-plan,atkinson,12,3365,3355,549,1296,615,905,11,47.598,0.99971,0.99992,0.99993
line-art,floor-plan,atkinson,8,4738,4766,1065,1384,1205,1084,8,34.890,0.99739,0.99952,0.99953
line-art,floor-plan,atkinson,6,3731,3728,633,1311,731,1056,6,33.771,0.99668,0.99941,0.99934
line-art,floor-plan,atkinson,4,3468,3427,698,1207,696,867,4,30.640,0.99207,0.99829,0.99803
line-art,floor-plan,atkinson,3,2769,2690,474,1004,513,778,3,32.884,0.99434,0.99750,0.99770
line-art,floor-plan,atkinson,2,3067,2993,575,1098,587,807,2,21.279,0.94242,0.98967,0.99271
line-art,floor-plan,bayer2,16,3503,3508,600,1338,621,944,15,49.339,0.99982,0.99995,0.99996
line-art,floor-plan,bayer2,12,3450,3470,596,1305,617,932,11,45.556,0.99951,0.99989,0.99990
line-art,floor-plan,bayer2,8,3495,3485,619,1285,644,947,8,33.703,0.99640,0.99954,0.99943
line-art,floor-plan,bayer2,6,3385,3379,623,1225,630,907,6,32.295,0.99517,0.99942,0.99938
line-art,floor-plan,bayer2,4,3321,3291,592,1220,619,890,4,27.421,0.98587,0.99855,0.99892
line-art,floor-plan,bayer2,3,3142,3115,598,1111,590,843,3,26.040,0.98069,0.99679,0.99721
line-art,floor-plan,bayer2,2,2740,2676,518,940,551,731,2,20.742,0.94065,0.99200,0.99478
line-art,floor-plan,bayer4,16,3974,3941,703,1468,729,1074,16,44.458,0.99965,0.99995,0.99996
line-art,floor-plan,bayer4,12,3897,3961,687,1386,741,1083,12,42.876,0.99935,0.99989,0.99990
line-art,floor-plan,bayer4,8,3763,3773,691,1364,686,1022,8,33.390,0.99622,0.99959,0.99970
line-art,floor-plan,bayer4,6,3687,3678,691,1330,679,987,6,31.701,0.99462,0.99939,0.99955
line-art,floor-plan,bayer4,4,3565,3511,658,1277,674,956,4,27.912,0.98685,0.99852,0.99889
line-art,floor-plan,bayer4,3,3385,3340,629,1207,657,892,3,26.406,0.97998,0.99638,0.99719
line-art,floor-plan,bayer4,2,3088,2959,595,1067,572,854,2,19.782,0.93227,0.99082,0.99370
line-art,floor-plan,bayer8,16,3979,3954,699,1470,729,1081,16,44.483,0.99965,0.99995,0.99996
line-art,floor-plan,bayer8,12,3902,3964,687,1392,740,1083,12,42.900,0.99936,0.99989,0.99990
line-art,floor-plan,bayer8,8,3804,3819,720,1359,702,1023,8,33.449,0.99626,0.99958,0.99966
line-art,floor-plan,bayer8,6,3784,3781,725,1341,697,1021,6,31.860,0.99477,0.99937,0.99949
line-art,floor-plan,bayer8,4,3762,3671,676,1327,705,1054,4,28.200,0.98746,0.99844,0.99883
line-art,floor-plan,bayer8,3,3396,3352,636,1215,654,891,3,26.440,0.98027,0.99654,0.99724
line-art,floor-plan,bayer8,2,3088,3041,598,1061,593,836,2,19.794,0.93216,0.99103,0.99364
line-art,floor-plan,blue-noise,16,5449,5308,1120,1645,1241,1443,16,44.749,0.99966,0.99994,0.99996
line-art,floor-plan,blue-noise,12,5376,5325,1118,1641,1254,1363,12,43.120,0.99936,0.99987,0.99990
line-art,floor-plan,blue-noise,8,6135,6107,1462,1747,1446,1480,8,33.484,0.99628,0.99950,0.99967
line-art,floor-plan,blue-noise,6,5977,5967,1425,1717,1383,1452,6,31.890,0.99481,0.99929,0.99951
line-art,floor-plan,blue-noise,4,5772,5753,1346,1655,1369,1402,4,28.139,0.98733,0.99814,0.99870
line-art,floor-plan,blue-noise,3,5312,5240,1180,1587,1175,1370,3,26.538,0.98076,0.99633,0.99709
line-art,floor-plan,blue-noise,2,5492,5139,1387,1457,1255,1393,2,19.745,0.92938,0.98586,0.98804
game,platformer,none,16,1814,1656,754,128,356,576,16,42.681,0.99973,0.99984,0.99973
game,platformer,none,12,1786,1636,726,128,356,576,12,42.172,0.99968,0.99982,0.99969
game,platformer,none,8,1793,1647,707,128,378,580,8,32.943,0.99654,0.99814,0.99616
game,platformer,none,6,1775,1609,684,128,383,580,6,31.809,0.99740,0.99798,0.99747
game,platformer,none,4,1912,1852,706,128,330,748,4,26.107,0.97805,0.99301,0.97802
game,platformer,none,3,1857,1777,712,111,308,726,3,26.917,0.96931,0.98645,0.97365
game,platformer,none,2,2183,2063,922,127,372,762,2,14.376,0.92317,0.94945,0.91858
game,platformer,floyd-steinberg,16,12543,11011,1245,174,5421,5703,16,38.002,0.97350,0.99875,0.99986
game,platformer,floyd-steinberg,12,11187,10206,1297,181,4757,4952,12,34.732,0.95855,0.99781,0.99903
game,platformer,floyd-steinberg,8,10668,9485,1247,176,4547,4698,8,28.915,0.92696,0.99628,0.99919
game,platformer,floyd-steinberg,6,12702,11171,1230,215,5539,5718,6,27.794,0.92179,0.99596,0.99891
game,platformer,floyd-steinberg,4,11821,10465,1163,128,5126,5404,4,23.283,0.89894,0.99356,0.99548
game,platformer,floyd-steinberg,3,7195,6727,1251,326,2780,2838,3,24.256,0.92304,0.99468,0.98897
game,platformer,floyd-steinberg,2,11058,9911,1097,216,4894,4851,2,13.014,0.80787,0.98107,0.96903
game,platformer,atkinson,16,4787,4538,1063,165,1708,1851,16,39.250,0.97733,0.99888,0.99985
game,platformer,atkinson,12,2716,2683,1132,137,708,739,12,40.401,0.99737,0.99972,0.99970
game,platformer,atkinson,8,7275,6723,1180,189,2043,3863,8,29.899,0.93276,0.99603,0.99687
game,platformer,atkinson,6,10580,9622,1196,279,3996,5109,6,28.680,0.92754,0.99568,0.99745
game,platformer,atkinson,4,7791,7204,1102,128,2711,3850,4,24.024,0.90340,0.99158,0.98908
game,platformer,atkinson,3,3894,3696,1205,297,1179,1213,3,25.412,0.96262,0.99615,0.99622
game,platformer,atkinson,2,10354,8998,1118,286,3900,5050,2,13.285,0.81925,0.96735,0.94531
game,platformer,bayer2,16,3419,3277,1224,142,819,1234,16,37.682,0.97258,0.99875,0.99995
game,platformer,bayer2,12,2499,2351,1233,142,471,653,12,39.424,0.99681,0.99976,0.99966
game,platformer,bayer2,8,3627,3365,1224,154,857,1392,8,28.839,0.92674,0.99657,0.99972
game,platformer,bayer2,6,2962,2756,1188,154,670,950,6,27.844,0.92168,0.99629,0.99963
game,platformer,bayer2,4,2671,2616,1105,128,528,910,4,23.752,0.90341,0.99502,0.99848
game,platformer,bayer2,3,2861,2810,1122,156,610,973,3,25.039,0.96082,0.99776,0.99858
game,platformer,bayer2,2,3058,3242,1013,153,944,948,2,12.982,0.80647,0.98809,0.98680
game,platformer,bayer4,16,3522,3362,1254,156,820,1292,16,37.639,0.97257,0.99875,0.99994
game,platformer,bayer4,12,3033,2776,1240,155,665,973,12,34.325,0.95689,0.99779,0.99945
game,platformer,bayer4,8,3382,3347,1221,167,738,1256,8,28.680,0.92659,0.99654,0.99959
game,platformer,bayer4,6,3051,2849,1238,180,679,954,6,27.788,0.92145,0.99630,0.99955
game,platformer,bayer4,4,3015,2867,1144,142,798,931,4,23.070,0.89616,0.99354,0.99619
game,platformer,bayer4,3,3302,3045,1159,192,855,1096,3,22.682,0.89141,0.99226,0.98437
game,platformer,bayer4,2,3088,2874,1084,185,829,990,2,12.985,0.80635,0.98104,0.94185
game,platformer,bayer8,16,3398,3153,1256,152,789,1201,16,37.756,0.97348,0.99877,0.99968
game,platformer,bayer8,12,3092,2858,1236,155,688,1013,12,34.330,0.95691,0.99779,0.99943
game,platformer,bayer8,8,3317,3430,1228,167,760,1162,8,28.675,0.92654,0.99653,0.99957
game,platformer,bayer8,6,3101,3000,1256,202,725,918,6,27.780,0.92142,0.99627,0.99941
game,platformer,bayer8,4,3311,3056,1147,142,911,1111,4,23.124,0.89653,0.99356,0.99231
game,platformer,bayer8,3,3515,3085,1170,221,1001,1123,3,23.656,0.90582,0.99376,0.98454
game,platformer,bayer8,2,3374,3247,1074,205,928,1167,2,12.961,0.80567,0.98204,0.94249
game,platformer,blue-noise,16,6288,6004,1320,190,2368,2410,16,37.980,0.97334,0.99869,0.99966
game,platformer,blue-noise,12,5921,5690,1280,181,2218,2242,12,34.579,0.95853,0.99781,0.99865
game,platformer,blue-noise,8,7245,6867,1441,356,2654,2794,8,28.692,0.92637,0.99583,0.99681
game,platformer,blue-noise,6,7270,6868,1411,354,2689,2816,6,27.745,0.92195,0.99547,0.99672
game,platformer,blue-noise,4,6069,5802,1228,161,2313,2367,4,23.189,0.89773,0.99273,0.99069
game,platformer,blue-noise,3,6197,6080,1322,347,2272,2256,3,23.731,0.90680,0.99286,0.98302
game,platformer,blue-noise,2,7013,6409,1240,339,2706,2728,2,12.960,0.80355,0.97379,0.95021
game,raycaster,none,16,3699,3496,1189,476,1535,499,14,34.896,0.97055,0.95335,0.98046
game,raycaster,none,12,3569,3356,1141,474,1494,460,11,33.281,0.96787,0.94545,0.97633
game,raycaster,none,8,3506,3378,1133,454,1307,612,7,25.870,0.96209,0.90774,0.96773
game,raycaster,none,6,3542,3417,1108,444,1370,620,6,24.696,0.94875,0.89583,0.95496
game,raycaster,none,4,3412,3223,1129,533,1325,425,4,19.554,0.89360,0.80198,0.90083
game,raycaster,none,3,3019,3033,1156,407,1231,225,3,17.292,0.79961,0.81437,0.80763
game,raycaster,none,2,2473,2352,822,327,988,336,2,9.371,0.64337,0.69549,0.64703
game,raycaster,floyd-steinberg,16,40284,35519,6391,10890,11017,11986,14,32.023,0.66812,0.96985,0.99693
game,raycaster,floyd-steinberg,12,38750,34343,6249,10254,11034,11213,11,29.645,0.60454,0.95529,0.99326
game,raycaster,floyd-steinberg,8,39524,34607,5974,10982,10713,11855,8,23.391,0.36988,0.89754,0.98447
game,raycaster,floyd-steinberg,6,39327,34106,6350,10528,11055,11394,6,22.104,0.31303,0.87122,0.97670
game,raycaster,floyd-steinberg,4,38895,33729,6055,10107,11486,11247,4,17.273,0.22600,0.77731,0.94436
game,raycaster,floyd-steinberg,3,30099,26641,6115,6004,10988,6992,3,15.313,0.28767,0.74332,0.85411
game,raycaster,floyd-steinberg,2,36237,30900,6452,7947,12714,9124,2,7.449,0.15397,0.57603,0.72818
game,raycaster,atkinson,16,35496,32260,5563,9678,9752,10503,14,32.810,0.73107,0.96620,0.99553
game,raycaster,atkinson,12,31451,28530,5621,8018,9107,8705,11,30.975,0.70803,0.95722,0.99246
game,raycaster,atkinson,8,36603,32240,4648,12019,7010,12926,8,23.902,0.44028,0.87145,0.97406
game,raycaster,atkinson,6,37214,32561,5926,10382,9591,11315,6,22.744,0.41077,0.85119,0.96572
game,raycaster,atkinson,4,39516,34307,5168,11590,10298,12460,4,17.718,0.28415,0.73552,0.90630
game,raycaster,atkinson,3,26361,23040,6148,3409,12313,4491,3,16.015,0.54757,0.82155,0.88683
game,raycaster,atkinson,2,42545,36043,6580,11516,11601,12848,2,7.832,0.15661,0.50416,0.55852
game,raycaster,bayer2,16,4540,3929,1278,585,1796,881,14,32.284,0.70495,0.97661,0.99565
game,raycaster,bayer2,12,4497,3837,1382,574,1732,809,11,29.820,0.67002,0.96931,0.99359
game,raycaster,bayer2,8,4501,4097,1475,513,1714,799,8,23.444,0.40976,0.93277,0.98873
game,raycaster,bayer2,6,4466,4084,1401,615,1632,818,6,22.206,0.38064,0.91814,0.98418
game,raycaster,bayer2,4,4709,4300,1730,562,1632,785,4,17.336,0.26555,0.87142,0.96884
game,raycaster,bayer2,3,5856,4014,1695,442,1635,2084,3,15.693,0.54149,0.92146,0.97940
game,raycaster,bayer2,2,4135,3558,2031,475,1314,315,2,7.368,0.15124,0.85504,0.95042
game,raycaster,bayer4,16,5871,5279,1504,997,2024,1346,14,31.804,0.65569,0.97093,0.99622
game,raycaster,bayer4,12,5657,5219,1483,950,2002,1222,11,29.622,0.60305,0.95899,0.99244
game,raycaster,bayer4,8,5637,5384,1674,816,1988,1159,8,23.393,0.36826,0.91184,0.97842
game,raycaster,bayer4,6,5826,5477,1682,996,1921,1227,6,22.067,0.30474,0.88600,0.96867
game,raycaster,bayer4,4,5933,5690,1734,886,2072,1241,4,17.236,0.21895,0.80671,0.92302
game,raycaster,bayer4,3,6597,5461,2123,820,2270,1384,3,15.263,0.33294,0.80762,0.86074
game,raycaster,bayer4,2,7233,4447,1545,2341,1655,1692,2,7.432,0.15104,0.74601,0.73373
game,raycaster,bayer8,16,8389,7720,2172,1439,2553,2225,14,31.907,0.66004,0.96978,0.99503
game,raycaster,bayer8,12,8551,7805,2315,1335,2774,2127,11,29.510,0.59400,0.95561,0.98985
game,raycaster,bayer8,8,8274,7642,2337,1225,2726,1986,8,23.345,0.35651,0.90266,0.97056
game,raycaster,bayer8,6,8060,7286,2316,1291,2608,1845,6,22.058,0.30190,0.87818,0.95891
game,raycaster,bayer8,4,8511,7358,2438,1270,2693,2110,4,17.221,0.21468,0.79189,0.89645
game,raycaster,bayer8,3,8301,7063,2439,1165,2836,1861,3,15.240,0.25403,0.75214,0.80784
game,raycaster,bayer8,2,6714,5649,1994,1043,2389,1288,2,7.428,0.15103,0.63183,0.60680
game,raycaster,blue-noise,16,34104,28449,6345,8351,9374,10034,14,31.929,0.66180,0.96320,0.99450
game,raycaster,blue-noise,12,33867,27879,6405,8057,9589,9816,11,29.554,0.59757,0.94650,0.98945
game,raycaster,blue-noise,8,32740,27643,5801,8740,8804,9395,8,23.354,0.35966,0.86528,0.96854
game,raycaster,blue-noise,6,38628,30603,6596,10815,9560,11657,6,22.069,0.30520,0.83201,0.95609
game,raycaster,blue-noise,4,36360,29108,6407,9666,9974,10313,4,17.232,0.21505,0.71427,0.89084
game,raycaster,blue-noise,3,31253,23714,6584,7025,9936,7708,3,15.243,0.25905,0.68771,0.80048
game,raycaster,blue-noise,2,37656,29835,6890,9975,9912,10879,2,7.432,0.15125,0.45745,0.53523
game,space-shooter,none,16,4101,4075,1274,1240,806,781,16,51.116,0.99987,0.99980,0.99991
game,space-shooter,none,12,4054,4033,1264,1233,798,759,12,47.323,0.99966,0.99956,0.99978
game,space-shooter,none,8,4002,3967,1259,1207,785,751,8,45.204,0.99937,0.99949,0.99961
game,space-shooter,none,6,3967,3931,1240,1207,777,743,6,43.707,0.99895,0.99949,0.99948
game,space-shooter,none,4,3958,3895,1239,1196,778,745,4,39.257,0.99691,0.99873,0.99836
game,space-shooter,none,3,3754,3738,1160,1134,761,699,3,36.693,0.99330,0.99562,0.99624
game,space-shooter,none,2,3157,3043,1032,1031,540,554,2,27.743,0.96926,0.97934,0.98367
game,space-shooter,floyd-steinberg,16,4472,4448,1434,1393,839,806,16,49.352,0.99928,0.99994,0.99995
game,space-shooter,floyd-steinberg,12,4505,4514,1496,1379,839,791,12,44.298,0.99846,0.99985,0.99988
game,space-shooter,floyd-steinberg,8,4360,4331,1417,1379,800,764,8,42.496,0.99788,0.99975,0.99978
game,space-shooter,floyd-steinberg,6,4246,4227,1391,1282,809,764,6,40.790,0.99704,0.99959,0.99955
game,space-shooter,floyd-steinberg,4,4239,4197,1383,1289,803,764,4,36.719,0.99469,0.99908,0.99907
game,space-shooter,floyd-steinberg,3,4182,4114,1334,1305,789,754,3,33.314,0.98982,0.99793,0.99738
game,space-shooter,floyd-steinberg,2,3524,3403,1211,1159,555,599,2,25.981,0.96475,0.99013,0.98717
game,space-shooter,atkinson,16,4159,4175,1314,1250,813,782,16,49.899,0.99945,0.99994,0.99995
game,space-shooter,atkinson,12,4169,4186,1374,1232,797,766,12,45.112,0.99874,0.99983,0.99986
game,space-shooter,atkinson,8,4102,4089,1294,1210,822,776,8,43.435,0.99812,0.99970,0.99973
game,space-shooter,atkinson,6,4075,4013,1270,1230,818,757,6,42.302,0.99790,0.99954,0.99949
game,space-shooter,atkinson,4,4010,3988,1270,1207,787,746,4,38.543,0.99644,0.99898,0.99884
game,space-shooter,atkinson,3,3916,3873,1261,1175,762,718,3,34.911,0.99113,0.99727,0.99696
game,space-shooter,atkinson,2,3130,3057,1050,1004,525,551,2,26.585,0.96664,0.98924,0.98625
game,space-shooter,bayer2,16,4148,4120,1288,1257,816,787,16,49.263,0.99940,0.99993,0.99993
game,space-shooter,bayer2,12,4119,4104,1292,1239,814,774,12,44.201,0.99856,0.99982,0.99983
game,space-shooter,bayer2,8,4064,4027,1273,1224,782,785,8,41.864,0.99750,0.99962,0.99962
game,space-shooter,bayer2,6,4097,4069,1295,1227,797,778,6,38.773,0.99586,0.99934,0.99928
game,space-shooter,bayer2,4,3963,3952,1248,1190,772,753,4,36.419,0.99488,0.99857,0.99852
game,space-shooter,bayer2,3,3883,3829,1244,1211,713,715,3,32.034,0.98446,0.99631,0.99492
game,space-shooter,bayer2,2,3411,3297,1135,1131,579,566,2,25.724,0.95865,0.98416,0.98295
game,space-shooter,bayer4,16,4300,4273,1354,1334,819,793,16,48.647,0.99922,0.99992,0.99993
game,space-shooter,bayer4,12,4217,4189,1320,1291,813,793,12,43.729,0.99830,0.99980,0.99980
game,space-shooter,bayer4,8,4125,4063,1298,1279,778,770,8,42.129,0.99768,0.99965,0.99963
game,space-shooter,bayer4,6,4189,4126,1328,1281,795,785,6,39.525,0.99627,0.99940,0.99929
game,space-shooter,bayer4,4,4072,4020,1285,1248,785,754,4,35.333,0.99326,0.99882,0.99863
game,space-shooter,bayer4,3,3925,3843,1257,1237,715,716,3,32.416,0.98475,0.99616,0.99480
game,space-shooter,bayer4,2,3503,3355,1181,1158,575,589,2,25.174,0.95558,0.98470,0.98188
game,space-shooter,bayer8,16,4301,4295,1361,1326,820,794,16,48.742,0.99923,0.99992,0.99993
game,space-shooter,bayer8,12,4212,4196,1321,1288,814,789,12,43.782,0.99832,0.99980,0.99981
game,space-shooter,bayer8,8,4128,4079,1307,1272,779,770,8,42.038,0.99762,0.99963,0.99961
game,space-shooter,bayer8,6,4210,4163,1327,1292,800,791,6,39.343,0.99621,0.99939,0.99927
game,space-shooter,bayer8,4,4077,4048,1285,1252,785,755,4,35.344,0.99341,0.99879,0.99864
game,space-shooter,bayer8,3,3939,3868,1262,1241,719,717,3,32.384,0.98458,0.99612,0.99469
game,space-shooter,bayer8,2,3480,3361,1153,1158,577,592,2,25.159,0.95538,0.98433,0.98164
game,space-shooter,blue-noise,16,4629,4661,1541,1498,815,775,16,48.620,0.99921,0.99991,0.99992
game,space-shooter,blue-noise,12,4586,4639,1545,1476,793,772,12,43.825,0.99829,0.99976,0.99976
game,space-shooter,blue-noise,8,4552,4554,1498,1456,822,776,8,42.070,0.99766,0.99965,0.99964
game,space-shooter,blue-noise,6,4508,4511,1470,1449,810,779,6,39.667,0.99623,0.99933,0.99919
game,space-shooter,blue-noise,4,4398,4337,1469,1361,804,764,4,35.504,0.99267,0.99833,0.99810
game,space-shooter,blue-noise,3,4140,4076,1350,1329,768,693,3,32.006,0.98301,0.99566,0.99410
game,space-shooter,blue-noise,2,3588,3499,1210,1165,622,591,2,25.237,0.95639,0.98463,0.98152
game,falling-blocks,none,16,3560,3479,282,607,1049,1622,16,47.016,0.99978,0.99989,0.99976
game,falling-blocks,none,12,3534,3473,282,597,1044,1611,12,41.124,0.99910,0.99954,0.99898
game,falling-blocks,none,8,3392,3332,233,596,984,1579,8,38.266,0.99798,0.99848,0.99797
game,falling-blocks,none,6,3268,3177,233,589,971,1475,6,35.835,0.99770,0.99785,0.99757
game,falling-blocks,none,4,3003,2938,233,561,850,1359,4,31.478,0.99046,0.99313,0.99051
game,falling-blocks,none,3,2932,2793,230,544,827,1331,3,29.195,0.98874,0.99326,0.98830
game,falling-blocks,none,2,2248,2100,132,402,663,1051,2,20.870,0.92762,0.91913,0.92944
game,falling-blocks,floyd-steinberg,16,6672,6681,384,902,2982,2404,16,44.302,0.99860,0.99991,0.99996
game,falling-blocks,floyd-steinberg,12,6832,6823,384,871,3133,2444,12,39.269,0.99594,0.99976,0.99992
game,falling-blocks,floyd-steinberg,8,6973,7021,548,973,2963,2489,8,35.490,0.99437,0.99950,0.99985
game,falling-blocks,floyd-steinberg,6,6918,6856,566,916,2929,2507,6,33.444,0.99115,0.99930,0.99975
game,falling-blocks,floyd-steinberg,4,7007,6937,487,1031,3088,2401,4,29.087,0.98143,0.99825,0.99895
game,falling-blocks,floyd-steinberg,3,7057,6709,597,1056,3137,2267,3,26.410,0.97507,0.99714,0.99782
game,falling-blocks,floyd-steinberg,2,6794,6258,397,972,3143,2282,2,18.870,0.93236,0.99060,0.99418
game,falling-blocks,atkinson,16,5716,5660,291,760,2457,2208,16,45.676,0.99908,0.99992,0.99992
game,falling-blocks,atkinson,12,6163,6086,291,754,2978,2140,12,40.066,0.99669,0.99975,0.99982
game,falling-blocks,atkinson,8,6532,6497,590,1006,2477,2459,8,36.354,0.99536,0.99937,0.99956
game,falling-blocks,atkinson,6,6778,6718,556,802,2883,2537,6,34.204,0.99237,0.99912,0.99943
game,falling-blocks,atkinson,4,6105,5999,465,956,2534,2150,4,30.041,0.98504,0.99802,0.99809
game,falling-blocks,atkinson,3,5683,5385,242,727,2717,1997,3,27.723,0.98006,0.99671,0.99551
game,falling-blocks,atkinson,2,6360,5885,332,917,2927,2184,2,19.569,0.94062,0.98831,0.98875
game,falling-blocks,bayer2,16,4348,4262,283,682,1543,1840,16,44.284,0.99884,0.99992,0.99997
game,falling-blocks,bayer2,12,4335,4220,283,657,1554,1841,12,39.452,0.99650,0.99978,0.99992
game,falling-blocks,bayer2,8,4486,4390,382,708,1585,1811,8,35.225,0.99422,0.99934,0.99967
game,falling-blocks,bayer2,6,4366,4264,328,680,1571,1787,6,33.275,0.99115,0.99913,0.99954
game,falling-blocks,bayer2,4,4177,4072,300,683,1469,1725,4,28.867,0.98218,0.99835,0.99883
game,falling-blocks,bayer2,3,3954,3719,277,620,1414,1643,3,26.195,0.97556,0.99709,0.99760
game,falling-blocks,bayer2,2,3841,3617,257,660,1299,1625,2,18.546,0.92954,0.99095,0.99268
game,falling-blocks,bayer4,16,5124,5011,456,687,2003,1978,16,43.152,0.99837,0.99989,0.99995
game,falling-blocks,bayer4,12,5161,5039,456,701,1986,2018,12,38.679,0.99571,0.99973,0.99988
game,falling-blocks,bayer4,8,5210,5124,458,810,1959,1983,8,35.038,0.99382,0.99947,0.99974
game,falling-blocks,bayer4,6,5171,5020,428,792,1990,1961,6,32.934,0.98995,0.99921,0.99959
game,falling-blocks,bayer4,4,5044,4965,350,776,1969,1949,4,28.424,0.97965,0.99818,0.99883
game,falling-blocks,bayer4,3,5099,4875,408,805,1921,1965,3,25.537,0.97073,0.99663,0.99773
game,falling-blocks,bayer4,2,4809,4386,294,697,1957,1861,2,18.614,0.92881,0.99090,0.99115
game,falling-blocks,bayer8,16,5509,5368,456,726,2275,2052,16,43.244,0.99840,0.99989,0.99995
game,falling-blocks,bayer8,12,5607,5435,456,742,2316,2093,12,38.709,0.99573,0.99973,0.99986
game,falling-blocks,bayer8,8,5665,5499,466,814,2315,2070,8,35.030,0.99359,0.99941,0.99968
game,falling-blocks,bayer8,6,5698,5558,478,824,2308,2088,6,32.971,0.99010,0.99915,0.99949
game,falling-blocks,bayer8,4,5666,5546,438,815,2358,2055,4,28.524,0.97990,0.99812,0.99873
game,falling-blocks,bayer8,3,5393,5249,408,828,2130,2027,3,25.586,0.97119,0.99669,0.99755
game,falling-blocks,bayer8,2,5569,5029,293,803,2390,2083,2,18.589,0.92759,0.99005,0.98955
game,falling-blocks,blue-noise,16,7747,7880,583,1040,3417,2707,16,43.323,0.99844,0.99989,0.99994
game,falling-blocks,blue-noise,12,7989,8081,583,1034,3659,2713,12,38.722,0.99575,0.99971,0.99985
game,falling-blocks,blue-noise,8,8247,8314,908,1277,3369,2693,8,35.047,0.99363,0.99927,0.99961
game,falling-blocks,blue-noise,6,8335,8487,894,1212,3490,2739,6,33.026,0.99025,0.99900,0.99943
game,falling-blocks,blue-noise,4,8281,8281,867,1241,3567,2606,4,28.490,0.97980,0.99752,0.99842
game,falling-blocks,blue-noise,3,7866,7711,820,1114,3468,2464,3,25.672,0.97128,0.99620,0.99669
game,falling-blocks,blue-noise,2,7690,7152,805,1158,3358,2369,2,18.617,0.92827,0.98450,0.98834
game,rpg-overworld,none,16,56675,60354,18080,16810,11613,10172,15,34.983,0.95705,0.98835,0.98874
game,rpg-overworld,none,12,51762,56139,16207,15465,10861,9229,11,33.142,0.94376,0.98429,0.98411
game,rpg-overworld,none,8,45905,42250,14071,13845,9932,8057,8,27.697,0.85131,0.95221,0.94348
game,rpg-overworld,none,6,38686,33671,11257,11854,9006,6569,6,25.692,0.78539,0.92225,0.91064
game,rpg-overworld,none,4,27656,25311,6978,8395,7743,4540,4,20.154,0.54168,0.81859,0.79281
game,rpg-overworld,none,3,38023,32590,13661,10495,6502,7365,3,15.241,0.55403,0.75465,0.67697
game,rpg-overworld,none,2,11222,9922,452,4051,5571,1148,2,11.266,0.28319,0.66680,0.31120
game,rpg-overworld,floyd-steinberg,16,58486,62553,18450,17572,11970,10494,16,33.762,0.94209,0.99244,0.99680
game,rpg-overworld,floyd-steinberg,12,52416,56580,16210,15700,11035,9471,12,31.733,0.91372,0.98754,0.99344
game,rpg-overworld,floyd-steinberg,8,47588,44219,14542,14544,10204,8298,8,26.261,0.79254,0.96710,0.98490
game,rpg-overworld,floyd-steinberg,6,45060,39151,13434,13621,10065,7940,6,24.199,0.71957,0.94833,0.97271
game,rpg-overworld,floyd-steinberg,4,44451,38290,13555,13380,9581,7935,4,18.438,0.50871,0.88801,0.94473
game,rpg-overworld,floyd-steinberg,3,39090,33583,13024,11175,7509,7382,3,13.958,0.42081,0.83190,0.90429
game,rpg-overworld,floyd-steinberg,2,40592,34254,13325,12008,7885,7374,2,8.304,0.29683,0.71214,0.79545
game,rpg-overworld,atkinson,16,57328,61207,18155,17096,11813,10264,15,34.549,0.95132,0.99081,0.99407
game,rpg-overworld,atkinson,12,51631,55427,16059,15364,10881,9327,11,32.636,0.93105,0.98650,0.98965
game,rpg-overworld,atkinson,8,46589,42353,14178,14208,10118,8085,8,27.129,0.82476,0.96064,0.96908
game,rpg-overworld,atkinson,6,43942,38221,13081,13345,9850,7666,6,24.986,0.75706,0.94060,0.95306
game,rpg-overworld,atkinson,4,43905,38175,13200,13294,9636,7775,4,19.149,0.55530,0.86651,0.89223
game,rpg-overworld,atkinson,3,39756,34054,14005,11263,6746,7742,3,14.556,0.50040,0.81860,0.83993
game,rpg-overworld,atkinson,2,41401,34535,12484,12967,8864,7086,2,9.179,0.35867,0.69467,0.66671
game,rpg-overworld,bayer2,16,58680,62480,18694,17524,11880,10582,15,32.546,0.92722,0.98784,0.98966
game,rpg-overworld,bayer2,12,54958,59824,17252,16365,11446,9895,11,29.862,0.88792,0.97845,0.98095
game,rpg-overworld,bayer2,8,44396,41391,14305,13108,9040,7943,8,25.026,0.74559,0.95150,0.95661
game,rpg-overworld,bayer2,6,41404,36008,13181,12228,8628,7367,6,22.938,0.66323,0.92186,0.92587
game,rpg-overworld,bayer2,4,35315,30855,11390,10337,7260,6328,4,17.741,0.47011,0.85580,0.85453
game,rpg-overworld,bayer2,3,23831,21244,7448,6968,4997,4418,3,13.669,0.40458,0.80926,0.79743
game,rpg-overworld,bayer2,2,10806,10101,2681,3026,3358,1741,2,7.928,0.25377,0.77352,0.78974
game,rpg-overworld,bayer4,16,59148,62872,18725,17752,12033,10638,16,32.054,0.91983,0.98646,0.98969
game,rpg-overworld,bayer4,12,55364,60104,17340,16545,11524,9955,12,29.586,0.88082,0.97640,0.98057
game,rpg-overworld,bayer4,8,45608,42869,14473,13525,9447,8163,8,24.956,0.74415,0.94637,0.95410
game,rpg-overworld,bayer4,6,42470,36969,13324,12643,8975,7528,6,22.762,0.65637,0.91304,0.92237
game,rpg-overworld,bayer4,4,36193,31345,11467,10670,7647,6409,4,17.692,0.46211,0.84338,0.85179
game,rpg-overworld,bayer4,3,29357,25515,8896,8716,6545,5200,3,13.506,0.36505,0.77293,0.76515
game,rpg-overworld,bayer4,2,20346,17578,5879,6037,4878,3552,2,8.100,0.26862,0.68299,0.64038
game,rpg-overworld,bayer8,16,59114,62965,18786,17675,12032,10621,16,32.159,0.92141,0.98596,0.98952
game,rpg-overworld,bayer8,12,55522,60172,17450,16588,11492,9992,12,29.541,0.88007,0.97537,0.98002
game,rpg-overworld,bayer8,8,45858,43059,14592,13549,9502,8215,8,24.914,0.74292,0.94472,0.95340
game,rpg-overworld,bayer8,6,42609,37101,13396,12702,8981,7530,6,22.765,0.65647,0.91133,0.92149
game,rpg-overworld,bayer8,4,36618,31772,11574,10779,7774,6491,4,17.702,0.46295,0.84025,0.84913
game,rpg-overworld,bayer8,3,30229,25909,9241,8931,6632,5425,3,13.505,0.36439,0.76923,0.76163
game,rpg-overworld,bayer8,2,21801,18598,6337,6391,5070,4003,2,8.128,0.26973,0.67518,0.62911
game,rpg-overworld,blue-noise,16,60800,64553,19196,18353,12416,10835,16,32.229,0.92274,0.98544,0.98918
game,rpg-overworld,blue-noise,12,57387,62665,17868,17308,11925,10286,12,29.575,0.88139,0.97463,0.97957
game,rpg-overworld,blue-noise,8,50071,49420,15360,15164,10752,8795,8,24.922,0.74289,0.94040,0.95320
game,rpg-overworld,blue-noise,6,47346,43268,14321,14366,10359,8300,6,22.787,0.65795,0.90776,0.92135
game,rpg-overworld,blue-noise,4,45556,40820,13897,13748,9859,8052,4,17.725,0.46418,0.81927,0.84100
game,rpg-overworld,blue-noise,3,41597,36244,13336,12346,8347,7568,3,13.511,0.36450,0.73284,0.74691
game,rpg-overworld,blue-noise,2,38445,33386,11441,11787,8411,6806,2,8.121,0.26796,0.61116,0.59073
photo,kodim01-stone-wall,none,16,66476,69341,16825,18174,15491,15986,16,34.131,0.93887,0.98929,0.98795
photo,kodim01-stone-wall,none,12,58682,59627,14801,15976,13706,14199,12,29.774,0.88394,0.97524,0.97050
photo,kodim01-stone-wall,none,8,45931,42841,11416,12689,10525,11301,8,26.302,0.82041,0.95404,0.94117
photo,kodim01-stone-wall,none,6,42448,38556,10480,12241,9270,10457,6,25.304,0.79757,0.94509,0.92824
photo,kodim01-stone-wall,none,4,37038,32592,9060,10634,8694,8650,4,20.011,0.66976,0.86219,0.82846
photo,kodim01-stone-wall,none,3,16215,15138,2822,4160,3976,5257,3,16.885,0.35401,0.67237,0.58156
photo,kodim01-stone-wall,none,2,35411,30803,8906,10149,8352,8004,2,8.338,0.22192,0.51807,0.30347
photo,kodim01-stone-wall,floyd-steinberg,16,71816,74951,17940,18957,17448,17471,16,32.679,0.89674,0.99170,0.99742
photo,kodim01-stone-wall,floyd-steinberg,12,65768,68190,16445,17204,16040,16079,12,28.169,0.81298,0.98310,0.99356
photo,kodim01-stone-wall,floyd-steinberg,8,58171,55299,14030,14966,14549,14626,8,24.408,0.67831,0.96438,0.98461
photo,kodim01-stone-wall,floyd-steinberg,6,55790,51420,13642,14467,13541,14140,6,23.187,0.63081,0.95370,0.97863
photo,kodim01-stone-wall,floyd-steinberg,4,54375,47371,13316,13789,13556,13714,4,17.680,0.40705,0.90174,0.95490
photo,kodim01-stone-wall,floyd-steinberg,3,43049,37571,10651,10350,10611,11437,3,14.749,0.30195,0.84264,0.88804
photo,kodim01-stone-wall,floyd-steinberg,2,50070,42487,12605,12648,12537,12280,2,6.583,0.07439,0.67634,0.80946
photo,kodim01-stone-wall,atkinson,16,70259,73577,17404,18604,17195,17056,16,33.509,0.91225,0.99045,0.99480
photo,kodim01-stone-wall,atkinson,12,63839,65617,15922,16719,15682,15516,12,29.076,0.84249,0.98049,0.98653
photo,kodim01-stone-wall,atkinson,8,55111,51881,13057,14149,14040,13865,8,25.383,0.72918,0.95870,0.96929
photo,kodim01-stone-wall,atkinson,6,51275,47095,12619,13885,11503,13268,6,24.304,0.70938,0.95288,0.96054
photo,kodim01-stone-wall,atkinson,4,51533,44861,12247,12917,13300,13069,4,18.579,0.48704,0.88440,0.90499
photo,kodim01-stone-wall,atkinson,3,35592,31836,7675,8091,9192,10634,3,15.598,0.34229,0.79172,0.80412
photo,kodim01-stone-wall,atkinson,2,54269,45552,13722,13768,13432,13347,2,6.991,0.11927,0.61607,0.65020
photo,kodim01-stone-wall,bayer2,16,69411,72114,17786,18889,16101,16635,16,31.572,0.88007,0.98949,0.99265
photo,kodim01-stone-wall,bayer2,12,61967,63525,15531,16678,14529,15229,12,27.088,0.78295,0.97793,0.98250
photo,kodim01-stone-wall,bayer2,8,51899,48465,13462,14306,11810,12321,8,23.410,0.62992,0.95654,0.96403
photo,kodim01-stone-wall,bayer2,6,48976,44314,12557,13483,11346,11590,6,22.208,0.58963,0.94669,0.95447
photo,kodim01-stone-wall,bayer2,4,40571,35393,10484,11390,9142,9555,4,17.099,0.35593,0.89946,0.91213
photo,kodim01-stone-wall,bayer2,3,34183,30021,9160,9514,7569,7940,3,14.105,0.28222,0.85356,0.85733
photo,kodim01-stone-wall,bayer2,2,19784,18137,5624,5429,4508,4223,2,6.449,0.05396,0.69670,0.72902
photo,kodim01-stone-wall,bayer4,16,70089,72834,17946,18972,16295,16876,16,31.099,0.86947,0.98803,0.99253
photo,kodim01-stone-wall,bayer4,12,62949,64608,15771,16835,14793,15550,12,26.927,0.77458,0.97548,0.98188
photo,kodim01-stone-wall,bayer4,8,53511,49967,13808,14515,12211,12977,8,23.218,0.61781,0.95002,0.96194
photo,kodim01-stone-wall,bayer4,6,50759,45941,13099,13804,11574,12282,6,21.973,0.56402,0.93639,0.95212
photo,kodim01-stone-wall,bayer4,4,43582,37765,11309,11822,9836,10615,4,17.002,0.34447,0.87663,0.89793
photo,kodim01-stone-wall,bayer4,3,37442,32523,9696,10304,8415,9027,3,13.975,0.25725,0.81580,0.82710
photo,kodim01-stone-wall,bayer4,2,27750,24215,7191,7539,6583,6437,2,6.486,0.05838,0.66559,0.67180
photo,kodim01-stone-wall,bayer8,16,70390,73070,17922,19014,16434,17020,16,31.203,0.87187,0.98769,0.99223
photo,kodim01-stone-wall,bayer8,12,63263,64815,15779,16842,14921,15721,12,26.886,0.77344,0.97457,0.98130
photo,kodim01-stone-wall,bayer8,8,53983,50391,13885,14579,12337,13182,8,23.194,0.61580,0.94866,0.96059
photo,kodim01-stone-wall,bayer8,6,50765,46160,13070,13730,11675,12290,6,21.988,0.56477,0.93541,0.95045
photo,kodim01-stone-wall,bayer8,4,44124,38244,11470,11945,9921,10788,4,17.005,0.34465,0.87532,0.89482
photo,kodim01-stone-wall,bayer8,3,38113,32924,9867,10389,8577,9280,3,13.953,0.25563,0.81189,0.82005
photo,kodim01-stone-wall,bayer8,2,28843,25028,7451,7713,6885,6794,2,6.495,0.05847,0.64272,0.63192
photo,kodim01-stone-wall,blue-noise,16,74009,77500,18555,19298,17978,18178,16,31.228,0.87266,0.98676,0.99206
photo,kodim01-stone-wall,blue-noise,12,68288,72205,16968,17633,16705,16982,12,26.902,0.77399,0.97265,0.98039
photo,kodim01-stone-wall,blue-noise,8,61097,59738,15010,15558,15098,15431,8,23.220,0.61784,0.94339,0.95845
photo,kodim01-stone-wall,blue-noise,6,58467,55687,14551,15172,13952,14792,6,21.994,0.56565,0.93058,0.94819
photo,kodim01-stone-wall,blue-noise,4,56002,49700,13774,14089,13983,14156,4,17.016,0.34591,0.85489,0.88767
photo,kodim01-stone-wall,blue-noise,3,50196,44044,12431,12397,12494,12874,3,13.931,0.25294,0.78623,0.80525
photo,kodim01-stone-wall,blue-noise,2,50929,43653,12578,12811,12879,12661,2,6.493,0.05799,0.55697,0.60521
photo,kodim03-hats,none,16,41172,40446,12800,7651,10188,10533,15,34.266,0.88901,0.96215,0.97032
photo,kodim03-hats,none,12,35453,33929,9995,6288,9487,9683,11,29.760,0.84329,0.92519,0.94303
photo,kodim03-hats,none,8,26109,24474,8272,3752,6747,7338,8,26.660,0.80095,0.88686,0.91200
photo,kodim03-hats,none,6,22023,20484,7074,3360,4794,6795,6,25.313,0.78758,0.86390,0.89459
photo,kodim03-hats,none,4,20450,18756,6410,2767,5603,5670,4,20.089,0.70419,0.78168,0.81289
photo,kodim03-hats,none,3,12470,11646,2752,481,3911,5326,3,15.960,0.51464,0.65342,0.61908
photo,kodim03-hats,none,2,16355,14962,5239,2657,3924,4535,2,8.710,0.11438,0.51774,0.15641
photo,kodim03-hats,floyd-steinberg,16,57928,56340,15832,13263,14358,14475,14,32.112,0.73656,0.97746,0.99581
photo,kodim03-hats,floyd-steinberg,12,55493,52138,14614,13076,13715,14088,12,27.381,0.58178,0.95402,0.99046
photo,kodim03-hats,floyd-steinberg,8,50689,45763,13727,11635,12576,12751,8,24.168,0.44078,0.92336,0.98018
photo,kodim03-hats,floyd-steinberg,6,49339,43839,13169,11076,12082,13012,6,22.416,0.35195,0.89574,0.97188
photo,kodim03-hats,floyd-steinberg,4,50005,43179,12216,11852,13351,12586,4,17.290,0.17743,0.80240,0.93456
photo,kodim03-hats,floyd-steinberg,3,45086,38881,11403,12184,10558,10941,3,13.448,0.12564,0.71756,0.86592
photo,kodim03-hats,floyd-steinberg,2,47278,40042,11908,11177,12525,11668,2,6.650,0.02372,0.52994,0.71991
photo,kodim03-hats,atkinson,16,54629,53364,15268,12586,13169,13606,14,33.012,0.78507,0.97342,0.99046
photo,kodim03-hats,atkinson,12,52187,49304,13567,12809,12732,13079,10,28.229,0.65061,0.94436,0.98004
photo,kodim03-hats,atkinson,8,45521,41497,12870,10137,11017,11497,8,25.121,0.55465,0.91547,0.96415
photo,kodim03-hats,atkinson,6,43851,39673,12046,8837,10260,12708,6,23.431,0.47127,0.88783,0.95130
photo,kodim03-hats,atkinson,4,46176,40341,10668,9926,13400,12182,4,18.164,0.30955,0.79813,0.89429
photo,kodim03-hats,atkinson,3,42387,36570,9496,10495,11355,11041,3,14.137,0.22730,0.70091,0.80312
photo,kodim03-hats,atkinson,2,51410,43194,12555,12869,12937,13049,2,7.020,0.03902,0.47614,0.54252
photo,kodim03-hats,bayer2,16,48042,46465,13555,9477,12536,12474,15,31.625,0.72395,0.97722,0.99191
photo,kodim03-hats,bayer2,12,41809,39523,11581,7470,11234,11524,11,26.992,0.57072,0.95827,0.98297
photo,kodim03-hats,bayer2,8,34111,31161,10056,5946,9030,9079,8,23.917,0.45419,0.93405,0.96731
photo,kodim03-hats,bayer2,6,30227,27399,9094,5418,7786,7929,6,22.180,0.37301,0.91655,0.95865
photo,kodim03-hats,bayer2,4,23811,21401,7719,3900,5943,6249,4,17.145,0.22773,0.86290,0.92389
photo,kodim03-hats,bayer2,3,19147,17377,6362,2676,5119,4990,3,13.451,0.17813,0.82745,0.89299
photo,kodim03-hats,bayer2,2,12261,11465,4515,2259,2075,3412,2,6.585,0.02053,0.66894,0.81813
photo,kodim03-hats,bayer4,16,50630,48744,14079,10475,13082,12994,16,31.153,0.69606,0.97257,0.99110
photo,kodim03-hats,bayer4,12,45037,42138,12187,8734,11948,12168,12,26.831,0.54479,0.94889,0.98087
photo,kodim03-hats,bayer4,8,38103,34577,10807,7284,10073,9939,8,23.684,0.39985,0.91514,0.96382
photo,kodim03-hats,bayer4,6,35023,31252,10057,6677,9161,9128,6,21.942,0.30390,0.88739,0.95069
photo,kodim03-hats,bayer4,4,28869,25494,8532,5126,7401,7810,4,17.059,0.15397,0.80370,0.89333
photo,kodim03-hats,bayer4,3,24006,21293,7345,4187,5994,6480,3,13.275,0.10407,0.73621,0.80704
photo,kodim03-hats,bayer4,2,17685,15657,5537,2976,4542,4630,2,6.625,0.01993,0.59825,0.65494
photo,kodim03-hats,bayer8,16,51550,49463,14362,10756,13264,13168,16,31.263,0.70108,0.97173,0.99056
photo,kodim03-hats,bayer8,12,45831,42736,12375,8954,12154,12348,12,26.797,0.54184,0.94619,0.97940
photo,kodim03-hats,bayer8,8,38871,35174,10998,7481,10231,10161,8,23.648,0.39105,0.91094,0.96117
photo,kodim03-hats,bayer8,6,35847,32054,10229,6980,9330,9308,6,21.946,0.30300,0.88354,0.94659
photo,kodim03-hats,bayer8,4,30098,26251,8703,5635,7745,8015,4,17.057,0.15063,0.79507,0.88058
photo,kodim03-hats,bayer8,3,25575,22517,7631,4656,6397,6891,3,13.267,0.10034,0.71843,0.78278
photo,kodim03-hats,bayer8,2,19594,17218,5832,3622,4913,5227,2,6.626,0.01969,0.54703,0.57444
photo,kodim03-hats,blue-noise,16,61490,60997,16550,14354,15310,15276,15,31.290,0.70260,0.96808,0.98972
photo,kodim03-hats,blue-noise,12,58771,56605,15197,14084,14717,14773,11,26.835,0.54471,0.93645,0.97785
photo,kodim03-hats,blue-noise,8,53874,49785,14471,12518,13347,13538,8,23.671,0.39302,0.89445,0.95666
photo,kodim03-hats,blue-noise,6,52361,47678,13954,11856,12751,13800,6,21.965,0.30564,0.85947,0.94108
photo,kodim03-hats,blue-noise,4,51384,45424,12731,11978,13498,13177,4,17.092,0.15399,0.74509,0.87193
photo,kodim03-hats,blue-noise,3,48150,41732,12086,11527,12230,12307,3,13.257,0.09968,0.63780,0.75733
photo,kodim03-hats,blue-noise,2,47371,40482,12451,10850,11956,12114,2,6.631,0.02014,0.41858,0.51011
photo,kodim05-motorbikes,none,16,71201,73206,18389,17166,17100,18546,16,34.320,0.94991,0.99305,0.99019
photo,kodim05-motorbikes,none,12,65314,67224,16924,16076,15369,16945,12,29.781,0.90282,0.98202,0.97067
photo,kodim05-motorbikes,none,8,55993,55583,14594,13453,13418,14528,8,27.531,0.85332,0.96963,0.94927
photo,kodim05-motorbikes,none,6,51992,49244,13455,13456,11955,13126,6,24.343,0.75997,0.93544,0.89097
photo,kodim05-motorbikes,none,4,43017,38892,11241,9293,10651,11832,4,20.126,0.61873,0.87514,0.77336
photo,kodim05-motorbikes,none,3,40082,35354,10007,10283,8680,11112,3,15.383,0.43927,0.76610,0.58039
photo,kodim05-motorbikes,none,2,21104,19239,7724,5502,3641,4237,2,10.613,0.15700,0.58122,0.21651
photo,kodim05-motorbikes,floyd-steinberg,16,75901,78628,19529,18453,18586,19333,16,32.837,0.92257,0.99447,0.99805
photo,kodim05-motorbikes,floyd-steinberg,12,71421,74836,18488,17587,17261,18085,12,28.069,0.83933,0.98747,0.99526
photo,kodim05-motorbikes,floyd-steinberg,8,64500,66779,16651,16072,15567,16210,8,25.747,0.76708,0.98011,0.99156
photo,kodim05-motorbikes,floyd-steinberg,6,61004,60166,15610,15373,14765,15256,6,22.530,0.64298,0.96557,0.98596
photo,kodim05-motorbikes,floyd-steinberg,4,55667,50875,14345,13375,13911,14036,4,17.997,0.46766,0.93181,0.96486
photo,kodim05-motorbikes,floyd-steinberg,3,55150,47512,13889,13407,13792,14062,3,13.136,0.28766,0.87503,0.93470
photo,kodim05-motorbikes,floyd-steinberg,2,53326,44637,13454,13420,13049,13403,2,7.586,0.12874,0.75434,0.82320
photo,kodim05-motorbikes,atkinson,16,74015,76446,19111,17940,18027,18937,16,33.739,0.93655,0.99410,0.99575
photo,kodim05-motorbikes,atkinson,12,69365,72395,17970,16942,16711,17742,12,28.956,0.86683,0.98621,0.98892
photo,kodim05-motorbikes,atkinson,8,61697,63010,15996,15310,14883,15508,8,26.684,0.80501,0.97727,0.98063
photo,kodim05-motorbikes,atkinson,6,59080,57458,15114,15104,14154,14708,6,23.332,0.68717,0.95774,0.96498
photo,kodim05-motorbikes,atkinson,4,52497,47752,13636,11793,13311,13757,4,18.933,0.54470,0.92160,0.92274
photo,kodim05-motorbikes,atkinson,3,54606,47141,13406,13771,13380,14049,3,13.897,0.35968,0.85140,0.84720
photo,kodim05-motorbikes,atkinson,2,50339,42697,13340,13067,11589,12343,2,8.555,0.18837,0.74950,0.67060
photo,kodim05-motorbikes,bayer2,16,74777,76867,19308,18064,18170,19235,16,31.671,0.90762,0.99289,0.99496
photo,kodim05-motorbikes,bayer2,12,68925,71239,17982,17019,16348,17576,12,27.060,0.81373,0.98469,0.98872
photo,kodim05-motorbikes,bayer2,8,61602,62489,15963,15067,14848,15724,8,24.688,0.73298,0.97637,0.98223
photo,kodim05-motorbikes,bayer2,6,56293,53857,14756,13694,13459,14384,6,21.700,0.60852,0.96151,0.97018
photo,kodim05-motorbikes,bayer2,4,48674,43298,12840,11543,11660,12631,4,17.313,0.43543,0.92826,0.93698
photo,kodim05-motorbikes,bayer2,3,41434,36179,11241,9792,9856,10545,3,12.776,0.25109,0.87892,0.88602
photo,kodim05-motorbikes,bayer2,2,30600,27186,8690,7243,6927,7740,2,7.467,0.10683,0.77053,0.74673
photo,kodim05-motorbikes,bayer4,16,74982,77223,19348,18086,18271,19277,16,31.176,0.89820,0.99182,0.99469
photo,kodim05-motorbikes,bayer4,12,69630,72043,18139,17105,16652,17734,12,26.894,0.80684,0.98292,0.98787
photo,kodim05-motorbikes,bayer4,8,62451,63380,16228,15309,15038,15876,8,24.541,0.72610,0.97346,0.98043
photo,kodim05-motorbikes,bayer4,6,57542,55226,15059,13997,13888,14598,6,21.531,0.59846,0.95625,0.96743
photo,kodim05-motorbikes,bayer4,4,50634,44992,13328,12093,12236,12977,4,17.218,0.41735,0.91603,0.92933
photo,kodim05-motorbikes,bayer4,3,44800,38812,12014,10602,10839,11345,3,12.751,0.24669,0.85851,0.86901
photo,kodim05-motorbikes,bayer4,2,35499,30590,9704,8654,8078,9063,2,7.413,0.10031,0.73984,0.72129
photo,kodim05-motorbikes,bayer8,16,75074,77385,19371,18160,18297,19246,16,31.287,0.90028,0.99175,0.99458
photo,kodim05-motorbikes,bayer8,12,69777,72095,18149,17226,16645,17757,12,26.860,0.80573,0.98242,0.98752
photo,kodim05-motorbikes,bayer8,8,62660,63604,16233,15388,15103,15936,8,24.490,0.72338,0.97250,0.97981
photo,kodim05-motorbikes,bayer8,6,57773,55448,15128,14134,13916,14595,6,21.538,0.59887,0.95544,0.96641
photo,kodim05-motorbikes,bayer8,4,50881,45256,13345,12142,12377,13017,4,17.209,0.41651,0.91491,0.92695
photo,kodim05-motorbikes,bayer8,3,45099,39184,12072,10769,10832,11426,3,12.743,0.24605,0.85565,0.86385
photo,kodim05-motorbikes,bayer8,2,36100,30951,9801,8851,8239,9209,2,7.416,0.10061,0.73446,0.70685
photo,kodim05-motorbikes,blue-noise,16,77422,80364,19931,18844,18932,19715,16,31.300,0.90042,0.99141,0.99436
photo,kodim05-motorbikes,blue-noise,12,73161,76990,18934,18044,17662,18521,12,26.873,0.80638,0.98129,0.98678
photo,kodim05-motorbikes,blue-noise,8,66810,70395,17187,16682,16248,16693,8,24.476,0.72304,0.97046,0.97868
photo,kodim05-motorbikes,blue-noise,6,63130,64022,16231,15954,15254,15691,6,21.530,0.59739,0.94965,0.96395
photo,kodim05-motorbikes,blue-noise,4,57947,54187,14850,14089,14359,14649,4,17.212,0.41454,0.90400,0.92086
photo,kodim05-motorbikes,blue-noise,3,56474,49349,14269,14207,13838,14160,3,12.764,0.24643,0.82626,0.85217
photo,kodim05-motorbikes,blue-noise,2,51750,44110,13520,12858,12561,12811,2,7.428,0.10028,0.68244,0.69067
photo,kodim14-rafting,none,16,64041,65317,17163,15429,14717,16732,16,34.310,0.92278,0.98799,0.98642
photo,kodim14-rafting,none,12,56290,55768,15228,13173,12547,15342,12,29.636,0.85169,0.96665,0.95739
photo,kodim14-rafting,none,8,45595,43378,12259,10581,10226,12529,8,26.931,0.77220,0.93916,0.92234
photo,kodim14-rafting,none,6,39404,36623,11088,8428,8777,11111,6,24.816,0.69380,0.89986,0.86940
photo,kodim14-rafting,none,4,31493,28635,8961,7047,8312,7173,4,20.175,0.54519,0.81276,0.73597
photo,kodim14-rafting,none,3,21454,19395,5437,2693,5811,7513,3,16.255,0.38787,0.63285,0.55441
photo,kodim14-rafting,none,2,21940,20055,7087,5772,3624,5457,2,9.204,0.17824,0.52474,0.24835
photo,kodim14-rafting,floyd-steinberg,16,69513,72386,18149,16686,16598,18080,16,32.808,0.88386,0.99093,0.99710
photo,kodim14-rafting,floyd-steinberg,12,64616,65601,16718,15345,15590,16963,12,27.751,0.75484,0.97767,0.99237
photo,kodim14-rafting,floyd-steinberg,8,58349,56327,14944,13972,14317,15116,8,24.944,0.63991,0.96287,0.98529
photo,kodim14-rafting,floyd-steinberg,6,55296,51468,14216,13038,13504,14538,6,22.774,0.54107,0.94645,0.97787
photo,kodim14-rafting,floyd-steinberg,4,52647,46493,13482,12825,13306,13034,4,17.792,0.34502,0.89429,0.95212
photo,kodim14-rafting,floyd-steinberg,3,50974,43768,12124,12362,13310,13178,3,13.562,0.20371,0.82164,0.90692
photo,kodim14-rafting,floyd-steinberg,2,50762,42881,12503,12088,12830,13341,2,6.909,0.06187,0.66047,0.78565
photo,kodim14-rafting,atkinson,16,67051,69207,17586,15991,15948,17526,16,33.730,0.90493,0.99011,0.99385
photo,kodim14-rafting,atkinson,12,61839,62087,16096,14427,14941,16375,12,28.719,0.79794,0.97419,0.98249
photo,kodim14-rafting,atkinson,8,54671,52544,14052,12960,13327,14332,8,25.952,0.69955,0.95650,0.96686
photo,kodim14-rafting,atkinson,6,51382,47678,13216,11497,12837,13832,6,23.712,0.60476,0.93440,0.95042
photo,kodim14-rafting,atkinson,4,48493,43273,12529,11651,12851,11462,4,18.702,0.42745,0.87360,0.89751
photo,kodim14-rafting,atkinson,3,47508,41213,10380,11013,12855,13260,3,14.382,0.26540,0.78534,0.81477
photo,kodim14-rafting,atkinson,2,51603,43477,13666,13227,11044,13666,2,7.457,0.09484,0.63663,0.61695
photo,kodim14-rafting,bayer2,16,67736,69605,17879,16351,15831,17675,16,31.685,0.86147,0.98833,0.99262
photo,kodim14-rafting,bayer2,12,61168,60990,16218,14500,14061,16389,12,26.898,0.72320,0.97425,0.98354
photo,kodim14-rafting,bayer2,8,53847,50599,14273,12775,12516,14283,8,24.066,0.59663,0.95821,0.97206
photo,kodim14-rafting,bayer2,6,48890,44954,13329,11604,11007,12950,6,22.020,0.50010,0.94288,0.96028
photo,kodim14-rafting,bayer2,4,39925,35616,11095,9262,8921,10647,4,17.325,0.31598,0.89750,0.91805
photo,kodim14-rafting,bayer2,3,32055,28543,9325,7166,6942,8622,3,13.271,0.18629,0.83913,0.86071
photo,kodim14-rafting,bayer2,2,21324,19302,6158,4394,4849,5923,2,6.826,0.05001,0.70247,0.69803
photo,kodim14-rafting,bayer4,16,68217,70035,17915,16483,15925,17894,16,31.177,0.84727,0.98651,0.99228
photo,kodim14-rafting,bayer4,12,62031,61958,16312,14769,14409,16541,12,26.742,0.71313,0.97057,0.98206
photo,kodim14-rafting,bayer4,8,55156,51830,14495,13165,12932,14564,8,23.886,0.58559,0.95212,0.96921
photo,kodim14-rafting,bayer4,6,50972,46618,13672,12361,11544,13395,6,21.789,0.48393,0.93338,0.95617
photo,kodim14-rafting,bayer4,4,43423,38221,11776,10267,9982,11398,4,17.219,0.29693,0.87645,0.90901
photo,kodim14-rafting,bayer4,3,36743,32026,10325,8408,8186,9824,3,13.237,0.17379,0.80679,0.83633
photo,kodim14-rafting,bayer4,2,26975,23552,7669,5867,6179,7260,2,6.838,0.05024,0.65699,0.65930
photo,kodim14-rafting,bayer8,16,68302,70153,17936,16507,15992,17867,16,31.287,0.85032,0.98632,0.99209
photo,kodim14-rafting,bayer8,12,62145,62015,16326,14837,14432,16550,12,26.698,0.71053,0.96955,0.98149
photo,kodim14-rafting,bayer8,8,55287,52056,14432,13164,13091,14600,8,23.847,0.58220,0.95068,0.96815
photo,kodim14-rafting,bayer8,6,51095,46765,13621,12313,11754,13407,6,21.795,0.48454,0.93216,0.95464
photo,kodim14-rafting,bayer8,4,43957,38508,11873,10393,10089,11602,4,17.217,0.29644,0.87413,0.90505
photo,kodim14-rafting,bayer8,3,37067,32234,10331,8471,8323,9942,3,13.226,0.17312,0.80307,0.82883
photo,kodim14-rafting,bayer8,2,28127,24444,7960,6194,6487,7486,2,6.844,0.05041,0.64679,0.63500
photo,kodim14-rafting,blue-noise,16,71528,75451,18555,17235,17210,18528,16,31.298,0.85026,0.98542,0.99152
photo,kodim14-rafting,blue-noise,12,66785,69330,17196,15931,16188,17470,12,26.684,0.70937,0.96649,0.97951
photo,kodim14-rafting,blue-noise,8,61192,60426,15599,14706,15141,15746,8,23.854,0.58238,0.94515,0.96464
photo,kodim14-rafting,blue-noise,6,58457,55828,14888,13900,14581,15088,6,21.806,0.48374,0.92195,0.94921
photo,kodim14-rafting,blue-noise,4,55078,49563,14082,13406,13836,13754,4,17.248,0.29789,0.85500,0.89573
photo,kodim14-rafting,blue-noise,3,52920,46260,12951,12709,13407,13853,3,13.220,0.17210,0.76581,0.81648
photo,kodim14-rafting,blue-noise,2,50914,43426,13019,12284,12430,13181,2,6.846,0.05021,0.57105,0.61389
photo,kodim23-parrots,none,16,44288,42567,9855,11696,10931,11806,15,34.306,0.88076,0.96489,0.97081
photo,kodim23-parrots,none,12,38751,36726,10020,9482,9193,10056,11,29.876,0.82676,0.92213,0.93721
photo,kodim23-parrots,none,8,30106,28296,6608,7351,8250,7897,7,26.967,0.78205,0.88376,0.89986
photo,kodim23-parrots,none,6,26676,24679,5830,5631,6911,8304,6,24.949,0.74671,0.84650,0.86706
photo,kodim23-parrots,none,4,16292,15347,4640,4096,5245,2311,4,20.935,0.71007,0.74586,0.81236
photo,kodim23-parrots,none,3,16226,15183,3337,3489,3578,5822,3,15.535,0.58621,0.67674,0.67432
photo,kodim23-parrots,none,2,11680,10980,3241,3420,3619,1400,2,9.050,0.15164,0.54036,0.18433
photo,kodim23-parrots,floyd-steinberg,16,59354,57719,14300,15033,14922,15099,15,32.238,0.74086,0.97830,0.99596
photo,kodim23-parrots,floyd-steinberg,12,56311,53342,13731,14327,14075,14178,11,27.564,0.57927,0.95554,0.99090
photo,kodim23-parrots,floyd-steinberg,8,52660,48195,12147,13347,13401,13765,8,24.451,0.43774,0.92698,0.98246
photo,kodim23-parrots,floyd-steinberg,6,50676,45379,11664,12650,13047,13315,6,22.270,0.34311,0.89787,0.97344
photo,kodim23-parrots,floyd-steinberg,4,47537,41873,12592,12458,11383,11104,4,17.927,0.21641,0.81817,0.93401
photo,kodim23-parrots,floyd-steinberg,3,49181,41962,12642,12618,11969,11952,3,13.042,0.10904,0.71221,0.87865
photo,kodim23-parrots,floyd-steinberg,2,49485,41673,12167,12617,12140,12561,2,6.735,0.03223,0.52951,0.70985
photo,kodim23-parrots,atkinson,16,56210,54670,13112,14354,14271,14473,15,33.162,0.78928,0.97502,0.99027
photo,kodim23-parrots,atkinson,12,53976,50950,13780,13667,13200,13329,11,28.431,0.64842,0.94674,0.97966
photo,kodim23-parrots,atkinson,8,49015,45327,10521,12472,13098,12924,8,25.319,0.53190,0.91515,0.96415
photo,kodim23-parrots,atkinson,6,46309,42090,9754,10862,12333,13360,6,23.190,0.45482,0.88605,0.94864
photo,kodim23-parrots,atkinson,4,41545,37224,11547,10966,10099,8933,4,18.939,0.35762,0.81017,0.89548
photo,kodim23-parrots,atkinson,3,47811,41371,11906,12290,11142,12473,3,13.623,0.18632,0.68831,0.80302
photo,kodim23-parrots,atkinson,2,51440,43312,12665,12974,12603,13198,2,7.118,0.05519,0.48951,0.56433
photo,kodim23-parrots,bayer2,16,50899,48345,12033,12596,12797,13473,15,31.690,0.72392,0.97698,0.99172
photo,kodim23-parrots,bayer2,12,45080,42239,10227,11086,11306,12461,11,27.201,0.56638,0.95829,0.98425
photo,kodim23-parrots,bayer2,8,38266,34931,9020,9664,9495,10087,8,24.185,0.43865,0.93679,0.97340
photo,kodim23-parrots,bayer2,6,33408,30674,7939,8466,8379,8624,6,22.050,0.36009,0.91863,0.96158
photo,kodim23-parrots,bayer2,4,26587,24186,6721,6884,6527,6455,4,17.790,0.26469,0.87184,0.92510
photo,kodim23-parrots,bayer2,3,21905,19755,5561,5529,5954,4861,3,12.985,0.13681,0.80717,0.88020
photo,kodim23-parrots,bayer2,2,15302,14012,4511,4120,4090,2581,2,6.725,0.03237,0.66745,0.79454
photo,kodim23-parrots,bayer4,16,53031,50440,12907,12975,13353,13796,15,31.169,0.69404,0.97246,0.99082
photo,kodim23-parrots,bayer4,12,47922,44471,11289,11689,12012,12932,11,27.051,0.54219,0.95021,0.98220
photo,kodim23-parrots,bayer4,8,41684,37717,10044,10437,10280,10923,8,23.999,0.39733,0.91961,0.96808
photo,kodim23-parrots,bayer4,6,38000,34027,9291,9355,9495,9859,6,21.848,0.29851,0.89026,0.95248
photo,kodim23-parrots,bayer4,4,31713,27964,7895,7948,7923,7947,4,17.620,0.17797,0.81258,0.89803
photo,kodim23-parrots,bayer4,3,26443,23184,6702,6614,6901,6226,3,12.930,0.09291,0.73251,0.81705
photo,kodim23-parrots,bayer4,2,19558,17426,5219,5056,5182,4101,2,6.702,0.02780,0.58596,0.62097
photo,kodim23-parrots,bayer8,16,53624,50935,12952,13204,13439,14029,15,31.278,0.69897,0.97171,0.99039
photo,kodim23-parrots,bayer8,12,48823,45302,11529,11976,12232,13086,11,27.005,0.53807,0.94747,0.98091
photo,kodim23-parrots,bayer8,8,42462,38467,10358,10707,10413,10984,8,23.964,0.38942,0.91573,0.96600
photo,kodim23-parrots,bayer8,6,38988,34869,9580,9818,9689,9901,6,21.857,0.29758,0.88670,0.94921
photo,kodim23-parrots,bayer8,4,32981,28862,8295,8322,8203,8161,4,17.619,0.17438,0.80643,0.88746
photo,kodim23-parrots,bayer8,3,27812,24455,7115,6971,7120,6606,3,12.924,0.08880,0.71679,0.79325
photo,kodim23-parrots,bayer8,2,21578,18839,5755,5496,5687,4640,2,6.708,0.02746,0.54736,0.55571
photo,kodim23-parrots,blue-noise,16,62406,62750,15290,15788,15708,15620,15,31.329,0.70183,0.96902,0.98988
photo,kodim23-parrots,blue-noise,12,59966,58489,15101,15065,14909,14891,11,27.018,0.54034,0.93829,0.97946
photo,kodim23-parrots,blue-noise,8,56218,52756,13235,14208,14482,14293,8,23.962,0.38942,0.89947,0.96335
photo,kodim23-parrots,blue-noise,6,54140,49429,12667,13364,13931,14178,6,21.858,0.29714,0.86242,0.94587
photo,kodim23-parrots,blue-noise,4,50959,45582,13227,13023,12572,12137,4,17.642,0.17681,0.76690,0.88339
photo,kodim23-parrots,blue-noise,3,51785,44935,13054,13131,12834,12766,3,12.933,0.08884,0.64078,0.77179
photo,kodim23-parrots,blue-noise,2,49569,42286,12515,12415,12958,11681,2,6.708,0.02681,0.43774,0.52395
map,barcelona-eixample,none,16,57723,56900,14889,13499,14453,14882,16,34.206,0.96115,0.98237,0.97915
map,barcelona-eixample,none,12,55410,53587,14435,12933,13827,14215,12,31.444,0.94295,0.96864,0.96521
map,barcelona-eixample,none,8,53458,49305,13764,12637,13284,13773,8,27.758,0.88050,0.93878,0.92403
map,barcelona-eixample,none,6,40881,38088,10480,9713,10444,10244,6,26.469,0.75357,0.90310,0.87910
map,barcelona-eixample,none,4,35973,32832,9321,8703,8781,9168,4,18.333,0.57539,0.65500,0.66856
map,barcelona-eixample,none,3,40477,35901,10631,9369,10102,10375,3,15.422,0.30413,0.65752,0.39608
map,barcelona-eixample,none,2,8466,8097,2256,2297,2184,1729,2,14.259,0.09969,0.45141,0.11538
map,barcelona-eixample,floyd-steinberg,16,67626,70169,17090,16632,16695,17209,16,31.970,0.86482,0.98920,0.99758
map,barcelona-eixample,floyd-steinberg,12,63811,63916,16139,15687,15824,16161,12,28.129,0.76208,0.97465,0.99183
map,barcelona-eixample,floyd-steinberg,8,61210,58858,15423,15224,15182,15381,8,25.607,0.68337,0.96763,0.99135
map,barcelona-eixample,floyd-steinberg,6,53812,49544,13519,13564,13288,13441,6,23.787,0.59100,0.93782,0.96473
map,barcelona-eixample,floyd-steinberg,4,54578,48068,13815,13368,13605,13790,4,17.114,0.38478,0.89662,0.95260
map,barcelona-eixample,floyd-steinberg,3,53953,45765,13529,13387,13447,13590,3,13.034,0.25937,0.80745,0.90903
map,barcelona-eixample,floyd-steinberg,2,49745,42024,12328,12453,12369,12595,2,8.965,0.15488,0.66178,0.75003
map,barcelona-eixample,atkinson,16,65013,66813,16481,15693,16201,16638,16,32.597,0.87433,0.98675,0.99509
map,barcelona-eixample,atkinson,12,60656,59299,15381,14727,15098,15450,12,29.849,0.82247,0.96990,0.97345
map,barcelona-eixample,atkinson,8,60954,58197,15369,15331,15066,15188,8,26.112,0.70506,0.96053,0.98212
map,barcelona-eixample,atkinson,6,43328,40727,11267,10416,10424,11221,6,25.466,0.71361,0.93191,0.92995
map,barcelona-eixample,atkinson,4,56369,48987,14083,14129,13970,14187,4,17.559,0.42675,0.85355,0.89394
map,barcelona-eixample,atkinson,3,54117,45883,13568,13479,13480,13590,3,13.704,0.32177,0.78035,0.78871
map,barcelona-eixample,atkinson,2,42519,36863,10595,10645,10608,10671,2,10.757,0.18821,0.65553,0.53995
map,barcelona-eixample,bayer2,16,59724,59670,15446,13910,14948,15420,16,31.704,0.86916,0.98937,0.99493
map,barcelona-eixample,bayer2,12,57385,56762,14856,13463,14296,14770,12,26.737,0.73133,0.97570,0.98793
map,barcelona-eixample,bayer2,8,54478,51515,14033,12807,13746,13892,8,25.213,0.68292,0.96719,0.98042
map,barcelona-eixample,bayer2,6,47492,43482,12287,11137,11899,12169,6,24.003,0.70923,0.94506,0.95254
map,barcelona-eixample,bayer2,4,42660,38094,10947,10164,10768,10781,4,16.530,0.32163,0.88270,0.92071
map,barcelona-eixample,bayer2,3,35885,31934,9118,8868,8685,9214,3,13.042,0.22422,0.81303,0.84682
map,barcelona-eixample,bayer2,2,20892,18959,5208,5288,5163,5233,2,8.213,0.11486,0.69304,0.71594
map,barcelona-eixample,bayer4,16,60998,61645,15709,14235,15224,15830,16,31.023,0.85203,0.98660,0.99455
map,barcelona-eixample,bayer4,12,58676,58505,15075,13844,14611,15146,12,27.119,0.74167,0.97192,0.98363
map,barcelona-eixample,bayer4,8,54981,52395,14172,13005,13852,13952,8,24.977,0.66638,0.96099,0.97728
map,barcelona-eixample,bayer4,6,50505,45838,12932,11906,12695,12972,6,22.494,0.55731,0.92435,0.95199
map,barcelona-eixample,bayer4,4,44651,39666,11762,10625,11033,11231,4,16.623,0.33036,0.88077,0.91798
map,barcelona-eixample,bayer4,3,38493,33662,9880,9471,9437,9705,3,12.760,0.21049,0.77951,0.80456
map,barcelona-eixample,bayer4,2,26593,23563,6882,6234,6649,6828,2,8.659,0.11162,0.63611,0.58256
map,barcelona-eixample,bayer8,16,61819,62447,15961,14471,15398,15989,16,31.127,0.85391,0.98648,0.99388
map,barcelona-eixample,bayer8,12,59324,59224,15262,14024,14755,15283,12,27.248,0.74637,0.97052,0.98236
map,barcelona-eixample,bayer8,8,55469,52758,14197,13209,13929,14134,8,24.862,0.65842,0.95833,0.97588
map,barcelona-eixample,bayer8,6,50630,45971,12939,11938,12724,13029,6,22.484,0.55791,0.92365,0.95160
map,barcelona-eixample,bayer8,4,45359,39999,11853,10777,11172,11557,4,16.625,0.32572,0.86279,0.88738
map,barcelona-eixample,bayer8,3,38721,34078,9892,9540,9553,9736,3,12.736,0.21140,0.77158,0.79234
map,barcelona-eixample,bayer8,2,27970,24805,7314,6562,6975,7119,2,8.759,0.11421,0.62459,0.57103
map,barcelona-eixample,blue-noise,16,70462,75185,17813,17282,17398,17969,16,31.141,0.85451,0.98522,0.99350
map,barcelona-eixample,blue-noise,12,66431,68823,16729,16371,16440,16891,12,27.223,0.74557,0.96812,0.98319
map,barcelona-eixample,blue-noise,8,63505,63026,15980,15878,15743,15904,8,24.879,0.65853,0.95413,0.97588
map,barcelona-eixample,blue-noise,6,57549,54097,14525,14318,14272,14434,6,22.579,0.56398,0.92354,0.94700
map,barcelona-eixample,blue-noise,4,57341,50510,14392,14317,14343,14289,4,16.620,0.32462,0.83094,0.88076
map,barcelona-eixample,blue-noise,3,53128,45825,13373,13267,13142,13346,3,12.717,0.20846,0.72834,0.78139
map,barcelona-eixample,blue-noise,2,45733,39263,11423,11511,11454,11345,2,8.722,0.11320,0.57095,0.57820
map,paris-centre,none,16,62306,62892,16085,16019,14084,16118,16,34.652,0.97007,0.98730,0.98446
map,paris-centre,none,12,59356,59098,15271,15369,13301,15415,12,30.268,0.93569,0.96179,0.95727
map,paris-centre,none,8,54746,51841,14352,13879,12300,14215,8,27.992,0.89854,0.93971,0.93138
map,paris-centre,none,6,44195,42051,11554,10703,10995,10943,6,25.701,0.77782,0.91163,0.89666
map,paris-centre,none,4,42550,38877,10594,10975,10438,10543,4,18.534,0.58377,0.67725,0.65081
map,paris-centre,none,3,42506,37632,11337,10864,9226,11079,3,15.400,0.37180,0.73850,0.48139
map,paris-centre,none,2,12645,11964,3430,2757,3719,2739,2,13.710,0.13765,0.55336,0.16739
map,paris-centre,floyd-steinberg,16,70924,74065,17946,17735,17417,17826,16,32.407,0.89923,0.99203,0.99766
map,paris-centre,floyd-steinberg,12,66858,68483,16944,16606,16666,16642,12,27.849,0.79618,0.98037,0.99298
map,paris-centre,floyd-steinberg,8,62971,61809,15865,15838,15464,15804,8,25.962,0.75151,0.97529,0.99178
map,paris-centre,floyd-steinberg,6,56802,53437,14282,14122,14426,13972,6,23.381,0.63534,0.95093,0.97257
map,paris-centre,floyd-steinberg,4,56713,50879,14202,14250,14069,14192,4,17.169,0.42780,0.91012,0.95931
map,paris-centre,floyd-steinberg,3,54991,47223,13754,13850,13641,13746,3,13.075,0.29757,0.83796,0.91936
map,paris-centre,floyd-steinberg,2,50897,43047,12810,12694,12653,12740,2,8.853,0.17869,0.69909,0.76963
map,paris-centre,atkinson,16,68308,70952,17367,17229,16355,17357,16,33.217,0.91305,0.99083,0.99561
map,paris-centre,atkinson,12,64483,65069,16333,15948,16249,15953,12,29.172,0.84281,0.97582,0.97959
map,paris-centre,atkinson,8,62104,60622,15660,15598,15245,15601,8,26.578,0.77734,0.97118,0.98452
map,paris-centre,atkinson,6,49417,47119,12621,12038,12549,12209,6,24.688,0.72766,0.94756,0.95095
map,paris-centre,atkinson,4,58034,51658,14558,14712,14250,14514,4,17.645,0.46985,0.87658,0.90925
map,paris-centre,atkinson,3,55162,47309,13883,13932,13599,13748,3,13.816,0.36868,0.81142,0.81330
map,paris-centre,atkinson,2,44225,38324,11250,11069,10768,11138,2,10.637,0.23473,0.70264,0.57949
map,paris-centre,bayer2,16,64617,66195,16723,16500,14720,16674,16,32.121,0.90403,0.99178,0.99491
map,paris-centre,bayer2,12,61963,62650,16000,15821,14071,16071,12,26.637,0.76916,0.97974,0.98818
map,paris-centre,bayer2,8,57623,55822,14873,14806,13071,14873,8,25.435,0.74874,0.97443,0.98173
map,paris-centre,bayer2,6,51093,47962,13059,13115,11909,13010,6,23.366,0.71366,0.95273,0.95656
map,paris-centre,bayer2,4,44395,39911,11481,10984,10664,11266,4,16.578,0.36728,0.89628,0.91865
map,paris-centre,bayer2,3,36518,32629,9566,8723,9294,8935,3,12.790,0.24615,0.81856,0.83536
map,paris-centre,bayer2,2,22966,20779,5526,5433,6503,5504,2,7.980,0.12102,0.69450,0.71336
map,paris-centre,bayer4,16,66342,68367,17177,16961,15064,17140,16,31.213,0.88517,0.98987,0.99492
map,paris-centre,bayer4,12,62977,64347,16273,16131,14280,16293,12,26.825,0.77457,0.97735,0.98527
map,paris-centre,bayer4,8,58484,57041,15106,14990,13377,15011,8,25.158,0.73099,0.96871,0.97860
map,paris-centre,bayer4,6,53855,50097,13905,13843,12277,13830,6,22.210,0.60400,0.93834,0.95546
map,paris-centre,bayer4,4,47014,42324,12069,11729,11210,12006,4,16.611,0.37385,0.89346,0.91915
map,paris-centre,bayer4,3,40165,35597,10169,10048,9800,10148,3,12.718,0.24259,0.81208,0.82276
map,paris-centre,bayer4,2,29912,26552,7698,7357,7447,7410,2,8.502,0.12654,0.66789,0.61759
map,paris-centre,bayer8,16,66677,68893,17256,17032,15184,17205,16,31.314,0.88689,0.98972,0.99443
map,paris-centre,bayer8,12,63427,65040,16404,16151,14517,16355,12,26.909,0.77799,0.97609,0.98391
map,paris-centre,bayer8,8,59121,57778,15255,15083,13639,15144,8,25.020,0.71975,0.96649,0.97733
map,paris-centre,bayer8,6,54157,50297,13946,13900,12408,13903,6,22.178,0.60224,0.93755,0.95458
map,paris-centre,bayer8,4,48268,43297,12360,12181,11503,12224,4,16.628,0.37161,0.88156,0.89651
map,paris-centre,bayer8,3,40759,36183,10308,10224,10055,10172,3,12.681,0.24130,0.80498,0.80794
map,paris-centre,bayer8,2,31330,27405,8147,7653,7747,7783,2,8.536,0.12800,0.65629,0.60705
map,paris-centre,blue-noise,16,73093,77175,18572,18318,17735,18468,16,31.357,0.88791,0.98869,0.99417
map,paris-centre,blue-noise,12,69442,72900,17628,17167,17353,17294,12,26.898,0.77729,0.97304,0.98433
map,paris-centre,blue-noise,8,64743,65278,16343,16235,15992,16173,8,25.045,0.72096,0.96382,0.97750
map,paris-centre,blue-noise,6,59791,57474,15086,14904,14934,14867,6,22.228,0.60393,0.93551,0.95120
map,paris-centre,blue-noise,4,58529,52861,14672,14673,14698,14486,4,16.635,0.37275,0.85750,0.89061
map,paris-centre,blue-noise,3,54695,47396,13741,13684,13771,13499,3,12.672,0.23987,0.76058,0.79726
map,paris-centre,blue-noise,2,47118,40526,11790,11870,11886,11572,2,8.535,0.12715,0.60898,0.60368
map,tokyo-shibuya,none,16,60284,60776,15230,14716,15214,15124,16,34.882,0.97635,0.99023,0.98729
map,tokyo-shibuya,none,12,57869,57438,14588,14117,14601,14563,12,31.991,0.96129,0.98411,0.97821
map,tokyo-shibuya,none,8,55258,53160,13923,13624,13912,13799,8,28.329,0.91234,0.96846,0.94851
map,tokyo-shibuya,none,6,45371,41802,11430,11258,11484,11199,6,26.836,0.83502,0.95213,0.91596
map,tokyo-shibuya,none,4,45065,40622,11705,11270,11233,10857,4,19.328,0.69816,0.80282,0.74487
map,tokyo-shibuya,none,3,35668,32072,8755,8350,8843,9720,3,15.940,0.33867,0.68818,0.42230
map,tokyo-shibuya,none,2,11756,10938,2433,2737,2281,4305,2,14.221,0.14998,0.50627,0.17069
map,tokyo-shibuya,floyd-steinberg,16,68708,71753,17360,16884,17009,17455,16,32.959,0.91415,0.99372,0.99821
map,tokyo-shibuya,floyd-steinberg,12,65102,66462,16364,16042,16124,16572,12,29.260,0.85512,0.98692,0.99456
map,tokyo-shibuya,floyd-steinberg,8,62133,61679,15555,15450,15384,15744,8,26.408,0.78895,0.98127,0.99344
map,tokyo-shibuya,floyd-steinberg,6,56544,52523,14088,14234,13951,14271,6,24.393,0.71952,0.96642,0.97879
map,tokyo-shibuya,floyd-steinberg,4,55687,50157,13930,14010,13744,14003,4,17.940,0.52307,0.93487,0.96496
map,tokyo-shibuya,floyd-steinberg,3,53563,46131,13517,13356,13256,13434,3,13.801,0.37160,0.87680,0.93038
map,tokyo-shibuya,floyd-steinberg,2,47812,40704,11820,11812,11911,12269,2,9.509,0.22588,0.77048,0.81174
map,tokyo-shibuya,atkinson,16,67293,70276,17045,16548,16695,17005,16,33.572,0.92081,0.99261,0.99679
map,tokyo-shibuya,atkinson,12,62658,62713,15840,15360,15488,15970,12,30.807,0.89261,0.98590,0.98552
map,tokyo-shibuya,atkinson,8,61683,60905,15448,15396,15288,15551,8,27.070,0.80890,0.97700,0.98599
map,tokyo-shibuya,atkinson,6,51027,47604,12704,13028,12548,12747,6,25.859,0.80944,0.96650,0.96149
map,tokyo-shibuya,atkinson,4,56592,50688,14172,14164,13992,14264,4,18.489,0.56658,0.91144,0.92443
map,tokyo-shibuya,atkinson,3,52788,45489,13205,13061,13169,13353,3,14.441,0.41530,0.85340,0.84691
map,tokyo-shibuya,atkinson,2,39542,34828,9517,9525,9737,10763,2,11.246,0.23085,0.73716,0.58585
map,tokyo-shibuya,bayer2,16,64049,65812,16140,15721,15995,16193,16,32.553,0.91560,0.99383,0.99616
map,tokyo-shibuya,bayer2,12,61721,62877,15458,15140,15477,15646,12,27.759,0.82854,0.98595,0.99070
map,tokyo-shibuya,bayer2,8,57511,56044,14424,14215,14277,14595,8,25.788,0.77735,0.98024,0.98540
map,tokyo-shibuya,bayer2,6,52138,48178,12987,12913,13067,13171,6,23.951,0.76457,0.96944,0.96793
map,tokyo-shibuya,bayer2,4,47407,42462,12062,11599,11851,11895,4,17.222,0.44927,0.92781,0.93832
map,tokyo-shibuya,bayer2,3,41498,36668,10384,10234,10545,10335,3,13.712,0.33139,0.87494,0.86622
map,tokyo-shibuya,bayer2,2,26999,23727,6681,6770,6516,7032,2,8.837,0.17736,0.78517,0.76517
map,tokyo-shibuya,bayer4,16,65849,68082,16559,16276,16390,16624,16,31.813,0.90342,0.99221,0.99599
map,tokyo-shibuya,bayer4,12,62939,64582,15852,15466,15683,15938,12,28.051,0.83520,0.98428,0.98850
map,tokyo-shibuya,bayer4,8,58394,57240,14647,14372,14504,14871,8,25.524,0.76543,0.97638,0.98285
map,tokyo-shibuya,bayer4,6,54787,50753,13686,13668,13494,13939,6,22.975,0.67846,0.95695,0.96768
map,tokyo-shibuya,bayer4,4,49141,44165,12330,12187,12275,12349,4,17.268,0.45690,0.92054,0.93108
map,tokyo-shibuya,bayer4,3,43029,37937,10848,10734,10750,10697,3,13.422,0.31420,0.85403,0.84543
map,tokyo-shibuya,bayer4,2,29983,26273,7308,7381,7186,8108,2,9.090,0.17033,0.74789,0.69306
map,tokyo-shibuya,bayer8,16,66228,68526,16690,16333,16481,16724,16,31.910,0.90474,0.99214,0.99562
map,tokyo-shibuya,bayer8,12,63334,64869,15933,15594,15749,16058,12,28.122,0.83659,0.98362,0.98782
map,tokyo-shibuya,bayer8,8,58908,57808,14768,14524,14570,15046,8,25.464,0.76227,0.97538,0.98188
map,tokyo-shibuya,bayer8,6,54892,50858,13661,13689,13582,13960,6,22.962,0.67806,0.95677,0.96675
map,tokyo-shibuya,bayer8,4,50024,44637,12591,12418,12395,12620,4,17.292,0.45741,0.91452,0.91605
map,tokyo-shibuya,bayer8,3,43729,38433,10987,10803,10926,11013,3,13.374,0.31247,0.84962,0.84105
map,tokyo-shibuya,bayer8,2,31370,27448,7553,7737,7601,8479,2,9.162,0.17252,0.73285,0.66952
map,tokyo-shibuya,blue-noise,16,71400,75108,18006,17708,17653,18033,16,31.957,0.90526,0.99158,0.99543
map,tokyo-shibuya,blue-noise,12,67751,70408,17023,16743,16771,17214,12,28.107,0.83620,0.98257,0.98832
map,tokyo-shibuya,blue-noise,8,64129,65069,16000,16019,15816,16294,8,25.465,0.76302,0.97300,0.98174
map,tokyo-shibuya,blue-noise,6,59379,56313,14784,14915,14532,15148,6,23.003,0.68033,0.95446,0.96179
map,tokyo-shibuya,blue-noise,4,57719,52268,14454,14402,14284,14579,4,17.298,0.45822,0.89674,0.91324
map,tokyo-shibuya,blue-noise,3,53817,46693,13388,13431,13392,13606,3,13.379,0.31181,0.82368,0.83446
map,tokyo-shibuya,blue-noise,2,45693,39685,11237,11437,11239,11780,2,9.166,0.17000,0.69297,0.66494
map,new-york-midtown,none,16,54075,54155,14667,12393,13663,13352,16,34.031,0.97276,0.98637,0.98344
map,new-york-midtown,none,12,51377,50659,14114,11612,13011,12640,12,31.458,0.95555,0.97257,0.97038
map,new-york-midtown,none,8,49474,47479,13609,11277,12496,12092,8,27.594,0.89107,0.95389,0.92453
map,new-york-midtown,none,6,41019,38837,10821,9698,10672,9828,6,26.325,0.81513,0.93112,0.90202
map,new-york-midtown,none,4,37400,34251,9696,9200,9547,8957,4,18.373,0.63596,0.67524,0.69042
map,new-york-midtown,none,3,38318,34342,10653,8187,10016,9462,3,15.701,0.34065,0.71181,0.42458
map,new-york-midtown,none,2,11886,10932,2467,2595,3009,3815,2,14.178,0.14103,0.58275,0.16345
map,new-york-midtown,floyd-steinberg,16,67968,69476,17376,16518,17089,16985,16,31.650,0.83767,0.98752,0.99779
map,new-york-midtown,floyd-steinberg,12,64289,64276,16230,15701,16143,16215,12,27.928,0.74085,0.97299,0.99275
map,new-york-midtown,floyd-steinberg,8,61869,60495,15537,15159,15631,15542,8,25.327,0.66749,0.96629,0.99210
map,new-york-midtown,floyd-steinberg,6,55904,52477,13665,13944,14110,14185,6,23.391,0.59113,0.94153,0.97223
map,new-york-midtown,floyd-steinberg,4,54001,48565,13838,13075,13530,13558,4,17.142,0.40758,0.90540,0.95547
map,new-york-midtown,floyd-steinberg,3,53683,46094,13730,13096,13555,13302,3,13.152,0.28841,0.82446,0.91562
map,new-york-midtown,floyd-steinberg,2,49825,42274,12472,12161,12509,12683,2,9.080,0.18317,0.69734,0.74878
map,new-york-midtown,atkinson,16,64488,65764,16605,15795,16198,15890,16,32.266,0.84669,0.98439,0.99548
map,new-york-midtown,atkinson,12,60916,59838,15423,14904,15205,15384,12,29.547,0.79541,0.97042,0.97931
map,new-york-midtown,atkinson,8,61501,59869,15364,15174,15561,15402,8,25.857,0.68866,0.95918,0.98297
map,new-york-midtown,atkinson,6,44509,42897,11745,10723,11353,10688,6,25.242,0.78370,0.95261,0.95394
map,new-york-midtown,atkinson,4,56838,50542,14304,14041,14093,14400,4,17.640,0.44807,0.86508,0.89388
map,new-york-midtown,atkinson,3,53811,46208,13560,13249,13342,13660,3,13.899,0.35179,0.80795,0.79359
map,new-york-midtown,atkinson,2,43122,37248,10868,10354,10734,11166,2,10.949,0.23016,0.70015,0.54969
map,new-york-midtown,bayer2,16,56929,57936,15475,13065,14346,14043,16,31.407,0.84566,0.98952,0.99585
map,new-york-midtown,bayer2,12,54491,54810,14841,12396,13827,13427,12,26.539,0.70887,0.97742,0.99002
map,new-york-midtown,bayer2,8,51382,50159,13876,11844,13018,12644,8,24.944,0.66294,0.97011,0.98441
map,new-york-midtown,bayer2,6,45825,43013,12371,10710,11546,11198,6,23.749,0.76157,0.96117,0.96519
map,new-york-midtown,bayer2,4,41436,37646,11172,9753,10519,9992,4,16.493,0.34824,0.90727,0.93394
map,new-york-midtown,bayer2,3,36236,32415,9913,8425,9299,8599,3,13.226,0.25943,0.85011,0.85114
map,new-york-midtown,bayer2,2,24479,22057,6039,6098,6309,6033,2,8.336,0.14156,0.71770,0.73629
map,new-york-midtown,bayer4,16,58421,59861,15974,13325,14845,14277,16,30.782,0.82738,0.98590,0.99539
map,new-york-midtown,bayer4,12,55842,56557,15169,12828,14182,13663,12,26.980,0.72196,0.97112,0.98388
map,new-york-midtown,bayer4,8,52737,51504,14069,12152,13479,13037,8,24.752,0.65256,0.96240,0.97882
map,new-york-midtown,bayer4,6,48474,45596,13079,11265,12254,11876,6,22.337,0.56150,0.93386,0.96384
map,new-york-midtown,bayer4,4,43334,39443,11477,10279,11109,10469,4,16.657,0.36173,0.90691,0.93360
map,new-york-midtown,bayer4,3,37992,33810,10110,8993,9758,9131,3,12.815,0.23759,0.80203,0.80392
map,new-york-midtown,bayer4,2,28258,24856,7343,6651,7354,6910,2,8.625,0.12945,0.67144,0.58500
map,new-york-midtown,bayer8,16,59249,60622,16178,13567,15028,14476,16,30.889,0.82961,0.98583,0.99443
map,new-york-midtown,bayer8,12,56831,57414,15307,13072,14446,14006,12,27.097,0.72598,0.96955,0.98234
map,new-york-midtown,bayer8,8,53677,52358,14299,12359,13695,13324,8,24.636,0.64591,0.95986,0.97691
map,new-york-midtown,bayer8,6,48716,45730,13099,11361,12298,11958,6,22.324,0.56071,0.93323,0.96288
map,new-york-midtown,bayer8,4,44821,40488,11853,10621,11427,10920,4,16.615,0.35538,0.88270,0.89265
map,new-york-midtown,bayer8,3,39001,34562,10247,9267,10114,9373,3,12.808,0.24024,0.79655,0.78945
map,new-york-midtown,bayer8,2,29535,25994,7659,6910,7689,7277,2,8.764,0.13229,0.65759,0.56964
map,new-york-midtown,blue-noise,16,70294,72575,18147,16983,17736,17428,16,30.925,0.83028,0.98423,0.99427
map,new-york-midtown,blue-noise,12,66557,68250,17052,16110,16778,16617,12,27.067,0.72470,0.96680,0.98395
map,new-york-midtown,blue-noise,8,64124,64412,16179,15657,16308,15980,8,24.657,0.64685,0.95486,0.97796
map,new-york-midtown,blue-noise,6,58314,56173,14705,14206,14761,14642,6,22.384,0.56304,0.92905,0.95165
map,new-york-midtown,blue-noise,4,57241,51714,14436,14071,14496,14238,4,16.625,0.35607,0.84936,0.89091
map,new-york-midtown,blue-noise,3,53405,46540,13540,13003,13484,13378,3,12.783,0.23722,0.75646,0.78929
map,new-york-midtown,blue-noise,2,45992,39979,11692,11164,11624,11512,2,8.723,0.12812,0.61277,0.58409
map,amsterdam-canals,none,16,53929,53578,13822,12837,12496,14774,16,34.923,0.97480,0.98113,0.98607
map,amsterdam-canals,none,12,52112,51221,13443,12497,12129,14043,12,30.140,0.94090,0.94089,0.95810
map,amsterdam-canals,none,8,49388,46682,12873,11942,11312,13261,8,28.089,0.91932,0.92810,0.94677
map,amsterdam-canals,none,6,37981,36198,9933,7716,9371,10961,6,26.434,0.81665,0.89518,0.90768
map,amsterdam-canals,none,4,38423,35200,9501,9363,8718,10841,4,18.443,0.63025,0.62722,0.66692
map,amsterdam-canals,none,3,36666,33033,9374,8904,8843,9545,3,15.211,0.30207,0.65151,0.38238
map,amsterdam-canals,none,2,11142,10549,2521,1771,2953,3897,2,13.909,0.11937,0.51382,0.13719
map,amsterdam-canals,floyd-steinberg,16,66952,68009,16903,15927,16716,17406,16,32.339,0.85156,0.98828,0.99748
map,amsterdam-canals,floyd-steinberg,12,64330,63960,16065,15468,16120,16677,12,27.762,0.74139,0.97473,0.99341
map,amsterdam-canals,floyd-steinberg,8,60372,57583,15217,14487,15104,15564,8,25.986,0.69283,0.96612,0.99056
map,amsterdam-canals,floyd-steinberg,6,54912,51036,13422,13161,13684,14645,6,23.690,0.58860,0.93677,0.96759
map,amsterdam-canals,floyd-steinberg,4,55574,49761,13990,13608,13735,14241,4,16.991,0.38076,0.88609,0.95382
map,amsterdam-canals,floyd-steinberg,3,54081,46241,13533,13354,13389,13805,3,12.925,0.26561,0.80793,0.90918
map,amsterdam-canals,floyd-steinberg,2,50394,42631,12505,12374,12799,12716,2,8.836,0.16416,0.65995,0.74592
map,amsterdam-canals,atkinson,16,63373,63896,16282,14871,15755,16465,16,33.169,0.87146,0.98636,0.99558
map,amsterdam-canals,atkinson,12,61766,60763,15453,14827,15152,16334,12,28.846,0.78644,0.96855,0.98225
map,amsterdam-canals,atkinson,8,59950,56898,15103,14451,15166,15230,8,26.522,0.71755,0.95857,0.98346
map,amsterdam-canals,atkinson,6,44849,42446,11110,10411,10554,12774,6,25.316,0.76310,0.94533,0.95711
map,amsterdam-canals,atkinson,4,56362,49822,14099,13921,13837,14505,4,17.361,0.41449,0.84469,0.90580
map,amsterdam-canals,atkinson,3,55085,46926,13808,13670,13869,13738,3,13.501,0.31762,0.77297,0.80014
map,amsterdam-canals,atkinson,2,43795,37714,11033,10507,11354,10901,2,10.584,0.20428,0.65501,0.54385
map,amsterdam-canals,bayer2,16,56513,56917,14746,13371,13022,15374,16,32.099,0.85944,0.98949,0.99574
map,amsterdam-canals,bayer2,12,54625,54353,14279,12966,12736,14644,12,26.670,0.71639,0.97611,0.98942
map,amsterdam-canals,bayer2,8,51440,49336,13365,12357,11870,13848,8,25.476,0.69111,0.96970,0.98221
map,amsterdam-canals,bayer2,6,45710,42546,11824,10860,10703,12323,6,24.011,0.74798,0.95170,0.96053
map,amsterdam-canals,bayer2,4,40065,36458,10718,9130,9513,10704,4,16.570,0.33285,0.88236,0.92227
map,amsterdam-canals,bayer2,3,34254,30574,9130,7647,8252,9225,3,12.769,0.23046,0.81045,0.86705
map,amsterdam-canals,bayer2,2,20795,19010,5286,4112,5156,6241,2,7.864,0.11378,0.68214,0.74568
map,amsterdam-canals,bayer4,16,58361,59438,15175,13966,13422,15798,16,31.312,0.83876,0.98693,0.99538
map,amsterdam-canals,bayer4,12,55844,56197,14437,13448,12982,14977,12,26.952,0.72464,0.97280,0.98558
map,amsterdam-canals,bayer4,8,52489,50679,13673,12689,12087,14040,8,25.291,0.67574,0.95999,0.97841
map,amsterdam-canals,bayer4,6,48933,45647,12638,11923,11366,13006,6,22.634,0.56502,0.92777,0.95367
map,amsterdam-canals,bayer4,4,43112,38930,11279,10283,10092,11458,4,16.535,0.33793,0.87527,0.91913
map,amsterdam-canals,bayer4,3,35490,31662,9491,7914,8563,9522,3,12.672,0.22241,0.79026,0.82314
map,amsterdam-canals,bayer4,2,26696,23835,7036,5917,6432,7311,2,8.589,0.11959,0.63367,0.58275
map,amsterdam-canals,bayer8,16,59091,59952,15374,14178,13604,15935,16,31.423,0.84139,0.98658,0.99444
map,amsterdam-canals,bayer8,12,56637,57066,14664,13666,13156,15151,12,27.040,0.72895,0.97110,0.98349
map,amsterdam-canals,bayer8,8,53213,51486,13704,12842,12424,14243,8,25.147,0.66407,0.95755,0.97686
map,amsterdam-canals,bayer8,6,49715,46192,12890,12075,11550,13200,6,22.574,0.56064,0.92581,0.95191
map,amsterdam-canals,bayer8,4,44401,39957,11521,10665,10401,11814,4,16.545,0.33536,0.85820,0.88769
map,amsterdam-canals,bayer8,3,36760,32751,9721,8319,8822,9898,3,12.628,0.22208,0.78034,0.79131
map,amsterdam-canals,bayer8,2,28320,25048,7361,6472,6759,7728,2,8.553,0.12066,0.62399,0.57360
map,amsterdam-canals,blue-noise,16,69171,71329,17351,16692,17073,18055,16,31.457,0.84204,0.98408,0.99391
map,amsterdam-canals,blue-noise,12,66967,68653,16672,16197,16610,17488,12,27.024,0.72776,0.96635,0.98432
map,amsterdam-canals,blue-noise,8,62644,61157,15650,15227,15582,16185,8,25.178,0.66497,0.95307,0.97636
map,amsterdam-canals,blue-noise,6,57602,54699,14186,14040,14149,15227,6,22.616,0.56143,0.92205,0.94856
map,amsterdam-canals,blue-noise,4,57428,51837,14434,14184,14088,14722,4,16.552,0.33545,0.82858,0.88521
map,amsterdam-canals,blue-noise,3,53567,46382,13520,13144,13231,13672,3,12.612,0.21915,0.72240,0.77936
map,amsterdam-canals,blue-noise,2,46123,39755,11681,10956,11549,11937,2,8.548,0.11806,0.56509,0.57280
